Waktu,ClusterAl1,ClusterAl2,ClusterAl3,ClusterAl4,ClusterAl5,ClusterAl6
2011-01-01,0,0,0,0,0,0
2011-01-02,0,71059,777,9398,24373,3247
2011-01-03,0,71520,784,9567,25025,3244
2011-01-04,0,73953,794,9717,25415,3277
2011-01-05,0,74108,798,9751,25755,3291
2011-01-06,0,74239,809,10067,26125,3226
2011-01-07,0,73475,799,9703,26470,3293
2011-01-08,0,73404,807,9550,25916,3317
2011-01-09,0,70425,773,9079,24910,3207
2011-01-10,0,72663,779,9629,25255,3200
2011-01-11,0,73304,792,9726,25928,3239
2011-01-12,0,72841,783,9403,25674,3185
2011-01-13,0,71290,779,9312,25005,3164
2011-01-14,0,70990,787,9455,25438,3213
2011-01-15,0,71395,798,9309,26698,3237
2011-01-16,0,71122,776,9126,25372,3188
2011-01-17,0,71438,785,9473,26021,3227
2011-01-18,0,72145,791,9494,25674,3248
2011-01-19,0,70968,778,9353,25461,3176
2011-01-20,0,70817,771,9349,26107,3141
2011-01-21,0,67733,771,9131,24638,3137
2011-01-22,0,65134,785,9059,23939,3175
2011-01-23,0,65818,768,8799,24750,3105
2011-01-24,0,67544,774,9199,23629,3099
2011-01-25,0,69757,777,9523,23761,3116
2011-01-26,0,68272,771,9296,23794,3105
2011-01-27,0,70450,783,9296,23846,3133
2011-01-28,0,70849,792,9410,24522,3142
2011-01-29,0,71857,800,9368,24636,3204
2011-01-30,0,67446,774,8928,23649,3126
2011-01-31,0,67455,776,9021,23692,3089
2011-02-01,0,67998,783,9228,23715,3119
2011-02-02,0,67443,782,9361,23756,3112
2011-02-03,0,67882,777,9456,24175,3126
2011-02-04,0,66839,786,9523,25434,3196
2011-02-05,0,69585,794,9487,25608,3244
2011-02-06,0,66862,768,9000,24518,3192
2011-02-07,0,64558,769,9152,24465,3157
2011-02-08,0,66405,783,9437,24190,3172
2011-02-09,0,68006,785,9438,24645,3158
2011-02-10,0,67935,776,9534,24218,3154
2011-02-11,0,69338,785,9722,24665,3232
2011-02-12,0,70809,792,9383,24878,3218
2011-02-13,0,66666,775,9199,24770,3204
2011-02-14,0,70256,790,9538,24940,3193
2011-02-15,0,68175,775,9389,25169,3162
2011-02-16,0,68103,772,9242,24922,3156
2011-02-17,0,68624,776,9415,25657,3119
2011-02-18,0,71536,792,9544,25891,3219
2011-02-19,0,73992,807,9718,26603,3289
2011-02-20,0,71222,781,9320,25254,3219
2011-02-21,0,72817,783,9756,25252,3239
2011-02-22,0,73063,789,9760,25890,3255
2011-02-23,0,71687,767,9321,25941,3167
2011-02-24,0,71549,772,9337,25763,3193
2011-02-25,0,72574,785,9300,25594,3261
2011-02-26,0,74087,798,9474,25496,3288
2011-02-27,0,69911,761,9014,24774,3191
2011-02-28,0,66796,748,9166,23971,3071
2011-03-01,0,67587,748,8845,23824,3053
2011-03-02,0,66706,744,8924,23327,3018
2011-03-03,0,67373,750,8892,23681,3048
2011-03-04,0,68916,758,8918,23816,3087
2011-03-05,0,71700,774,9018,24312,3180
2011-03-06,0,69197,753,8917,24635,3134
2011-03-07,0,70396,761,9133,25012,3146
2011-03-08,0,70402,765,8974,24198,3149
2011-03-09,0,70124,758,9142,24129,3098
2011-03-10,0,72999,755,9226,24228,3122
2011-03-11,0,72750,763,9236,24224,3152
2011-03-12,0,74139,774,9209,24368,3203
2011-03-13,0,70827,752,9042,24093,3119
2011-03-14,0,70633,756,9122,23871,3092
2011-03-15,0,72345,765,9087,23827,3161
2011-03-16,0,70041,751,9102,23965,3091
2011-03-17,0,70626,753,9238,24000,3083
2011-03-18,0,73123,761,9223,24592,3144
2011-03-19,0,75683,778,9386,24899,3220
2011-03-20,0,72634,758,9309,25035,3205
2011-03-21,0,75036,757,9446,24669,3162
2011-03-22,0,75866,767,9505,24823,3159
2011-03-23,0,72796,744,9201,24784,3057
2011-03-24,0,75694,757,9308,25787,3094
2011-03-25,0,76288,776,9412,26372,3159
2011-03-26,0,77165,788,9543,25780,3230
2011-03-27,0,74678,768,9362,25434,3227
2011-03-28,0,74867,765,9478,25536,3141
2011-03-29,0,74629,767,9438,25098,3133
2011-03-30,0,75226,765,9472,25555,3118
2011-03-31,0,75896,773,9398,26287,3193
2011-04-01,0,77264,793,9511,27595,3311
2011-04-02,0,79178,797,9870,26532,3324
2011-04-03,0,74233,754,9302,25160,3165
2011-04-04,0,75116,754,9329,24841,3132
2011-04-05,0,79177,788,9499,27918,3271
2011-04-06,0,78103,811,9786,29523,3373
2011-04-07,0,81038,816,9944,30370,3376
2011-04-08,0,80865,834,10281,30096,3444
2011-04-09,0,81198,828,10192,29256,3436
2011-04-10,0,76243,793,9779,27755,3366
2011-04-11,0,75242,797,9962,28583,3336
2011-04-12,0,73505,808,9766,29521,3383
2011-04-13,0,75798,815,9866,29841,3423
2011-04-14,0,77155,811,10118,29804,3409
2011-04-15,0,79833,816,10206,29559,3416
2011-04-16,0,78071,830,10286,29501,3482
2011-04-17,0,76063,810,9984,28827,3411
2011-04-18,0,76811,805,9896,29551,3307
2011-04-19,0,78985,813,9935,28999,3312
2011-04-20,0,77231,798,9790,27057,3258
2011-04-21,0,77277,804,9817,27125,3261
2011-04-22,0,75153,807,9873,26943,3280
2011-04-23,0,78207,812,9773,27945,3322
2011-04-24,0,68580,724,9018,25998,3027
2011-04-25,0,74690,804,9950,27718,3281
2011-04-26,0,76824,812,10013,28677,3322
2011-04-27,0,76189,823,10012,29620,3342
2011-04-28,0,76667,819,9999,29812,3366
2011-04-29,0,77753,821,10155,28833,3381
2011-04-30,0,78517,826,10100,28876,3412
2011-05-01,0,73717,777,9762,27971,3307
2011-05-02,0,73707,789,9851,28123,3248
2011-05-03,0,73352,787,9901,27832,3227
2011-05-04,0,72853,783,9721,27760,3189
2011-05-05,0,73825,786,9954,27681,3235
2011-05-06,0,75332,801,9934,27930,3305
2011-05-07,0,75065,810,9959,28567,3337
2011-05-08,0,71621,787,9815,27462,3309
2011-05-09,0,75610,791,10138,27350,3311
2011-05-10,0,79125,838,10500,28826,3440
2011-05-11,0,80536,842,10430,30329,3462
2011-05-12,0,81412,860,10574,30441,3508
2011-05-13,0,82027,882,10892,31619,3600
2011-05-14,0,85043,896,11038,31540,3591
2011-05-15,0,76084,846,10667,29630,3489
2011-05-16,0,78814,850,10754,30591,3482
2011-05-17,0,79834,854,10610,30292,3508
2011-05-18,0,79340,831,10140,29842,3411
2011-05-19,0,78340,838,10145,30137,3448
2011-05-20,0,80630,864,10386,30776,3546
2011-05-21,0,83291,873,10761,30635,3584
2011-05-22,0,79031,852,10521,30009,3513
2011-05-23,0,82504,865,11061,30162,3594
2011-05-24,0,83057,903,11371,31761,3683
2011-05-25,0,85198,903,11018,32625,3669
2011-05-26,0,82223,866,10638,30632,3533
2011-05-27,0,82605,891,11176,31806,3635
2011-05-28,0,80435,908,11387,32501,3745
2011-05-29,0,77838,869,11031,31051,3593
2011-05-30,0,78513,847,10245,29934,3482
2011-05-31,0,80989,842,10438,30123,3456
2011-06-01,0,78483,853,10455,30607,3475
2011-06-02,0,77531,838,10261,29783,3441
2011-06-03,0,81366,874,10673,30651,3541
2011-06-04,0,81827,909,11151,31600,3721
2011-06-05,0,76897,880,10964,30069,3636
2011-06-06,0,79104,843,10292,29117,3419
2011-06-07,0,75133,810,10076,27956,3316
2011-06-08,0,74812,793,9878,27636,3272
2011-06-09,0,74307,800,9856,27900,3282
2011-06-10,0,77274,842,10389,28548,3379
2011-06-11,0,76845,842,10472,28440,3386
2011-06-12,0,73882,828,10449,27997,3368
2011-06-13,0,78870,837,10560,29466,3409
2011-06-14,0,79810,853,10697,29575,3439
2011-06-15,0,80376,855,10759,28609,3440
2011-06-16,0,79725,844,10617,28674,3388
2011-06-17,0,79188,852,10762,28778,3410
2011-06-18,0,79302,847,10586,27951,3429
2011-06-19,0,79036,850,10591,28422,3476
2011-06-20,0,82454,871,11475,28848,3533
2011-06-21,0,85572,895,11634,29234,3595
2011-06-22,0,81433,874,11308,29052,3496
2011-06-23,0,80755,861,11030,28713,3457
2011-06-24,0,87523,904,11212,30488,3629
2011-06-25,0,90420,962,11957,32387,3854
2011-06-26,0,90840,954,12117,31750,3828
2011-06-27,0,89597,919,11889,31337,3668
2011-06-28,0,85656,892,11256,30633,3595
2011-06-29,0,85480,885,11103,30347,3559
2011-06-30,0,85967,902,11433,30962,3674
2011-07-01,0,88027,927,11453,32061,3801
2011-07-02,0,85976,907,11552,30802,3708
2011-07-03,0,76294,841,10701,29755,3468
2011-07-04,0,77605,853,10759,29402,3534
2011-07-05,0,82070,873,11403,30088,3595
2011-07-06,0,78130,864,10894,29913,3541
2011-07-07,0,72809,829,10639,29376,3408
2011-07-08,0,74642,847,10878,29880,3469
2011-07-09,0,82152,893,11127,30913,3619
2011-07-10,0,75992,866,10943,30192,3585
2011-07-11,0,80342,856,11003,29994,3475
2011-07-12,0,78194,852,10776,30250,3484
2011-07-13,0,78847,849,10663,29954,3431
2011-07-14,0,81191,878,10964,31532,3548
2011-07-15,0,80053,901,11547,31193,3683
2011-07-16,0,83737,911,11631,31498,3678
2011-07-17,0,75609,850,10977,30005,3468
2011-07-18,0,76081,835,10491,29294,3393
2011-07-19,0,78846,852,10551,29726,3455
2011-07-20,0,80974,867,10765,30774,3464
2011-07-21,0,81044,871,11074,30650,3473
2011-07-22,0,79475,874,11095,30636,3538
2011-07-23,0,84228,896,11077,31423,3653
2011-07-24,0,81295,890,11149,31236,3659
2011-07-25,0,86831,914,11518,31559,3693
2011-07-26,0,88401,918,11666,32148,3779
2011-07-27,0,87545,924,11640,32713,3787
2011-07-28,0,89154,948,11911,33781,3849
2011-07-29,0,89421,934,11668,32433,3796
2011-07-30,0,87863,918,11176,31980,3769
2011-07-31,0,83716,894,11052,31110,3728
2011-08-01,0,80943,855,10513,30255,3515
2011-08-02,0,79761,867,10620,30984,3553
2011-08-03,0,84849,881,10533,31260,3582
2011-08-04,0,85825,895,11283,31852,3621
2011-08-05,0,84277,903,11383,32464,3685
2011-08-06,0,80001,915,11033,32335,3714
2011-08-07,0,76332,874,11008,30555,3564
2011-08-08,0,84060,875,11237,31248,3566
2011-08-09,0,87178,912,12014,32532,3753
2011-08-10,0,88473,927,12282,32365,3826
2011-08-11,0,89584,927,12323,31580,3826
2011-08-12,0,89327,924,12150,31843,3816
2011-08-13,0,84692,917,12057,31860,3805
2011-08-14,0,79488,896,11671,31719,3752
2011-08-15,0,86276,935,11965,32262,3847
2011-08-16,0,86440,893,11542,30111,3664
2011-08-17,0,83395,872,11087,29451,3600
2011-08-18,0,84818,872,10974,29766,3587
2011-08-19,0,89845,926,11545,31455,3799
2011-08-20,0,90714,962,12077,33748,3955
2011-08-21,0,80934,905,11366,31520,3764
2011-08-22,0,82899,892,11241,30611,3639
2011-08-23,0,79071,883,10969,29749,3586
2011-08-24,0,80063,851,10636,29096,3498
2011-08-25,0,77935,852,10791,29124,3393
2011-08-26,0,75863,842,10648,29073,3278
2011-08-27,0,78621,846,10382,29160,3323
2011-08-28,0,74095,826,10175,28956,3262
2011-08-29,0,77179,825,10211,28348,3245
2011-08-30,0,80611,843,10288,29244,3298
2011-08-31,0,76099,851,10490,29303,3320
2011-09-01,0,75567,842,10383,29185,3273
2011-09-02,0,74831,838,10536,28121,3270
2011-09-03,0,77186,846,10500,28884,3361
2011-09-04,0,71892,818,10237,27904,3282
2011-09-05,0,77387,823,10188,28302,3259
2011-09-06,0,82581,844,10614,30686,3357
2011-09-07,0,81671,856,10922,29801,3379
2011-09-08,0,84918,885,11073,30407,3516
2011-09-09,0,85159,884,10977,30590,3548
2011-09-10,0,78742,883,11037,30228,3541
2011-09-11,0,74837,851,10718,29828,3467
2011-09-12,0,85365,873,11056,30818,3518
2011-09-13,0,87059,886,11226,31933,3572
2011-09-14,0,87087,898,11344,31806,3621
2011-09-15,0,86209,884,11366,30846,3560
2011-09-16,0,84639,881,11146,30263,3539
2011-09-17,0,79809,872,11189,29473,3516
2011-09-18,0,71861,821,10301,27677,3327
2011-09-19,0,74684,806,10345,28558,3286
2011-09-20,0,78681,834,10594,30126,3390
2011-09-21,0,77832,824,10490,27912,3287
2011-09-22,0,78436,817,10249,28029,3307
2011-09-23,0,74744,817,10192,28233,3336
2011-09-24,0,76657,836,10301,28446,3399
2011-09-25,0,75772,836,10367,28732,3439
2011-09-26,0,81137,833,10447,29052,3421
2011-09-27,0,79538,840,10592,28942,3408
2011-09-28,0,78622,846,10279,29842,3467
2011-09-29,0,81467,850,10523,29795,3470
2011-09-30,0,82971,861,10681,30498,3532
2011-10-01,0,86077,901,11017,31393,3677
2011-10-02,0,81279,880,10765,30659,3584
2011-10-03,0,83634,853,10585,29585,3477
2011-10-04,0,83189,870,10520,31257,3551
2011-10-05,0,83645,879,10723,31314,3578
2011-10-06,0,82696,846,10645,30122,3442
2011-10-07,0,78509,830,10648,29437,3383
2011-10-08,0,77443,828,10138,29792,3383
2011-10-09,0,72819,810,10008,28903,3358
2011-10-10,0,78451,820,10131,30089,3407
2011-10-11,0,81312,841,10311,30084,3442
2011-10-12,0,79066,833,10169,30280,3405
2011-10-13,0,80280,842,10397,31307,3403
2011-10-14,0,81699,847,10369,30395,3445
2011-10-15,0,84131,850,10311,29509,3459
2011-10-16,0,76234,828,10270,29007,3368
2011-10-17,0,79779,816,10511,28852,3295
2011-10-18,0,78577,816,10528,27026,3264
2011-10-19,0,74668,795,10071,26384,3157
2011-10-20,0,71687,784,9949,28001,3150
2011-10-21,0,71101,778,9788,27059,3139
2011-10-22,0,74553,801,9753,28223,3245
2011-10-23,0,70754,782,9588,26742,3169
2011-10-24,0,71836,763,9521,25708,3076
2011-10-25,0,70760,764,9617,25377,3005
2011-10-26,0,70235,769,9815,26177,3088
2011-10-27,0,70650,761,9592,25323,3032
2011-10-28,0,69865,757,9556,24940,3017
2011-10-29,0,69774,769,9466,26331,3085
2011-10-30,0,69151,761,9320,26183,3106
2011-10-31,0,69140,769,9761,25908,3099
2011-11-01,0,69908,772,9811,25540,3087
2011-11-02,0,69121,768,9746,25488,3073
2011-11-03,0,68729,749,9393,24528,3014
2011-11-04,0,66961,746,9274,24153,3002
2011-11-05,0,66586,764,9041,24123,3080
2011-11-06,0,63168,736,8810,23577,2986
2011-11-07,0,62102,724,8928,23037,2913
2011-11-08,0,63581,736,9084,22898,2981
2011-11-09,0,64655,755,9350,23683,3030
2011-11-10,0,65780,761,9476,23601,3038
2011-11-11,0,68148,775,9712,25034,3127
2011-11-12,0,68795,794,9614,24816,3184
2011-11-13,0,67099,773,9317,24621,3141
2011-11-14,0,65331,749,9365,23449,3025
2011-11-15,0,65731,747,9269,23223,2985
2011-11-16,0,65200,743,8962,23026,2947
2011-11-17,0,63874,738,9015,22823,2944
2011-11-18,0,66025,749,9033,23101,2983
2011-11-19,0,70471,772,9038,23785,3078
2011-11-20,0,64653,743,8696,23254,3020
2011-11-21,0,64286,733,9002,22727,2936
2011-11-22,0,63530,740,9074,23071,2921
2011-11-23,0,64406,739,8976,23240,2924
2011-11-24,0,64443,741,9085,23179,2953
2011-11-25,0,65984,747,9262,23310,2989
2011-11-26,0,66788,752,9035,23799,3048
2011-11-27,0,63540,730,8612,22952,2976
2011-11-28,0,62475,722,8802,22830,2886
2011-11-29,0,62439,727,8770,23179,2934
2011-11-30,0,63259,735,8849,22876,2951
2011-12-01,0,63977,761,8889,23214,3020
2011-12-02,0,65242,739,8903,23645,2978
2011-12-03,0,64137,750,8618,23585,3015
2011-12-04,0,63527,740,8492,23631,3024
2011-12-05,0,63778,744,8831,24143,3012
2011-12-06,0,65357,748,8993,23570,3004
2011-12-07,0,62755,739,8796,23009,2967
2011-12-08,0,63651,760,9071,23276,3035
2011-12-09,0,65366,745,9244,22990,2988
2011-12-10,0,68356,765,9272,23276,3099
2011-12-11,0,65954,739,8934,22733,3030
2011-12-12,0,67735,740,9006,22849,2980
2011-12-13,0,68939,753,9363,23149,3055
2011-12-14,0,68935,746,9408,23060,3034
2011-12-15,0,67139,744,9374,22812,3010
2011-12-16,0,69285,761,9520,23477,3088
2011-12-17,0,68361,767,9130,22751,3101
2011-12-18,0,64834,741,8826,22170,3042
2011-12-19,0,64048,737,9233,22423,2975
2011-12-20,0,67363,752,9450,23260,3048
2011-12-21,0,69005,763,9706,23791,3119
2011-12-22,0,67399,770,9627,23938,3092
2011-12-23,0,69390,785,9587,24128,3137
2011-12-24,0,60034,692,8314,20494,2761
2011-12-25,0,31270,439,5618,12726,1794
2011-12-26,0,61033,729,8934,21468,2897
2011-12-27,0,68951,758,9086,22637,2958
2011-12-28,0,68036,757,8997,22109,2991
2011-12-29,0,67836,751,9048,22524,2976
2011-12-30,0,65764,769,9174,22701,3027
2011-12-31,0,61803,711,8350,20607,2810
2012-01-01,0,33606,440,5759,13178,1843
2012-01-02,145600,62880,590,8909,17883,3097
2012-01-03,143541,63211,598,8803,18505,3100
2012-01-04,142541,63337,601,8872,18953,3103
2012-01-05,144941,64553,593,8914,18715,3081
2012-01-06,143529,64526,596,9048,18794,3118
2012-01-07,145058,64781,583,8899,18461,3174
2012-01-08,151050,60345,559,8551,18125,3057
2012-01-09,138608,60152,583,8675,17884,3002
2012-01-10,141912,61810,589,8701,18173,3052
2012-01-11,142554,61358,589,8788,18055,3045
2012-01-12,142041,61486,594,8675,18165,3012
2012-01-13,144133,62420,596,8875,18313,3100
2012-01-14,142062,64585,594,8736,18261,3189
2012-01-15,145991,60861,570,8639,17751,3085
2012-01-16,139500,61554,590,8641,18724,3018
2012-01-17,140245,62041,594,8774,17882,3048
2012-01-18,140912,60514,591,8714,18003,3032
2012-01-19,142550,60885,590,8766,17895,3018
2012-01-20,143054,64379,594,8848,18798,3087
2012-01-21,145225,64530,578,8695,18845,3144
2012-01-22,148312,61802,555,8400,18797,3030
2012-01-23,142775,62036,579,8529,18517,2979
2012-01-24,139491,63782,576,8590,18398,3007
2012-01-25,140225,62971,576,8665,18499,3001
2012-01-26,141533,61920,585,8659,18373,3042
2012-01-27,138345,61633,591,8671,18455,3032
2012-01-28,146725,63360,571,8515,18211,3085
2012-01-29,143179,60839,547,8254,17897,2972
2012-01-30,149341,61563,579,8380,18240,2926
2012-01-31,140937,60402,586,8605,17717,2984
2012-02-01,142566,62353,592,8585,17815,2984
2012-02-02,136950,60716,591,8617,17794,2993
2012-02-03,136862,59563,607,8499,17720,3014
2012-02-04,128479,61370,586,8519,17262,3079
2012-02-05,131087,58701,570,8296,17180,3013
2012-02-06,134933,61245,592,8639,17787,3022
2012-02-07,140091,60811,593,8769,17647,3038
2012-02-08,138320,59955,590,8589,17641,2978
2012-02-09,137770,59840,586,8554,17860,2960
2012-02-10,135850,62608,596,8672,18301,3023
2012-02-11,142020,63985,577,8514,18342,3086
2012-02-12,139550,58050,555,8287,17621,2958
2012-02-13,138420,58176,585,8425,17964,2925
2012-02-14,135704,60999,592,8590,18211,3006
2012-02-15,138241,59640,580,8582,18045,2939
2012-02-16,136312,60380,579,8510,17932,2936
2012-02-17,136258,61754,581,8596,19204,3012
2012-02-18,141283,63468,558,8350,18033,3034
2012-02-19,135850,60895,536,8143,17535,2958
2012-02-20,131554,62313,562,8415,18009,2976
2012-02-21,137800,62485,547,8449,18112,2918
2012-02-22,140433,61607,568,8524,18177,2966
2012-02-23,136879,62941,569,8508,17858,2963
2012-02-24,140237,65183,569,8519,17983,3017
2012-02-25,141629,65900,548,8441,18761,3112
2012-02-26,144054,62993,531,8248,18050,3021
2012-02-27,143037,62229,560,8484,18598,2955
2012-02-28,138429,64254,565,8586,18101,2967
2012-02-29,139625,63139,562,8511,17941,2976
2012-03-01,138291,63249,564,8622,18086,2963
2012-03-02,138758,63984,567,8755,18147,3030
2012-03-03,145383,66904,563,8616,17997,3135
2012-03-04,150504,63930,540,8510,17910,3048
2012-03-05,144495,61799,556,8524,18779,2917
2012-03-06,146395,62443,558,8700,18079,2937
2012-03-07,144737,62121,558,8703,18854,2964
2012-03-08,150091,63535,559,8698,18709,3012
2012-03-09,143716,63705,558,8743,19130,3049
2012-03-10,151016,66223,541,8460,19081,3101
2012-03-11,151025,64054,524,8312,19130,3013
2012-03-12,149033,66079,540,8512,19310,2942
2012-03-13,157504,65439,543,8577,19367,2968
2012-03-14,146241,64210,545,8685,19497,2995
2012-03-15,146400,62152,547,8703,19607,2971
2012-03-16,147875,63208,553,8734,19567,3003
2012-03-17,149841,63728,537,8528,19335,3042
2012-03-18,146354,59587,511,8125,18272,2911
2012-03-19,139720,58168,531,8267,18791,2828
2012-03-20,144604,59180,535,8237,19121,2861
2012-03-21,142520,59216,533,8254,18976,2860
2012-03-22,143462,59831,536,8350,18860,2872
2012-03-23,150783,61919,548,8631,19247,2992
2012-03-24,151687,65183,543,8745,19691,3084
2012-03-25,157139,64641,535,8827,20052,3081
2012-03-26,154745,63525,549,8631,19226,3022
2012-03-27,155829,62865,552,8784,19825,3075
2012-03-28,155912,63292,547,8698,20420,3070
2012-03-29,153679,63321,550,8707,20567,3062
2012-03-30,146533,65884,559,8913,20646,3081
2012-03-31,154795,65772,541,8774,20118,3130
2012-04-01,155000,63585,518,8602,19769,3034
2012-04-02,149345,62315,540,8695,19430,2980
2012-04-03,151016,60862,540,8674,19323,2985
2012-04-04,148070,61463,534,8629,18722,2948
2012-04-05,147645,60914,533,8638,18343,2933
2012-04-06,150508,61618,532,8590,18781,2951
2012-04-07,156470,62191,525,8338,18809,2998
2012-04-08,160750,54945,471,7795,17087,2675
2012-04-09,162700,61237,511,8521,19341,2861
2012-04-10,155904,63236,527,8616,19285,2906
2012-04-11,152358,60755,528,8475,19151,2883
2012-04-12,151625,59978,522,8389,17510,2872
2012-04-13,151279,61218,532,8572,19357,2900
2012-04-14,152679,62070,519,8400,18270,2950
2012-04-15,149320,57944,492,7965,17481,2824
2012-04-16,147300,56931,515,8311,18416,2791
2012-04-17,151129,58495,536,8580,18940,2880
2012-04-18,146250,58088,536,8466,17793,2878
2012-04-19,154183,59357,534,8435,17696,2862
2012-04-20,148875,61808,545,8687,19013,2936
2012-04-21,160416,63885,533,8630,18867,3013
2012-04-22,161491,60124,507,8278,18915,2884
2012-04-23,152945,60901,531,8511,19337,2866
2012-04-24,153266,61684,532,8551,19279,2886
2012-04-25,152558,59923,520,8797,19518,2930
2012-04-26,155537,59969,528,8559,19542,2848
2012-04-27,150408,61337,530,8558,19750,2898
2012-04-28,141741,61223,518,8504,19190,2909
2012-04-29,134387,57871,500,8108,18788,2839
2012-04-30,156170,57559,520,8375,18973,2842
2012-05-01,150025,59005,514,8453,18951,2932
2012-05-02,156620,58815,538,8476,18958,2891
2012-05-03,161129,59772,543,8631,19852,2925
2012-05-04,155920,61326,547,8700,19569,2958
2012-05-05,163195,63495,528,8661,19704,3021
2012-05-06,165875,60198,505,8276,19272,2949
2012-05-07,162583,61521,543,8651,20219,2945
2012-05-08,181095,67086,555,8887,20736,3027
2012-05-09,237375,68899,560,9044,21245,3106
2012-05-10,244250,71270,572,9560,22421,3238
2012-05-11,245862,71980,582,9735,23706,3293
2012-05-12,278745,75701,584,9938,23790,3472
2012-05-13,301358,70086,561,9546,22564,3339
2012-05-14,317208,71115,576,9827,23473,3252
2012-05-15,322820,72104,591,10077,23917,3339
2012-05-16,296775,72775,604,10339,25796,3459
2012-05-17,265645,69157,575,9713,24508,3246
2012-05-18,211608,67635,565,9595,23393,3220
2012-05-19,192108,65434,531,8996,21846,3112
2012-05-20,189141,61752,507,8551,20640,2943
2012-05-21,187508,61516,534,8806,21449,2910
2012-05-22,204325,66742,556,9183,22170,3073
2012-05-23,239091,68630,567,9473,24068,3199
2012-05-24,236333,71578,580,9624,24584,3271
2012-05-25,221908,67383,566,9427,23465,3175
2012-05-26,207941,66220,544,9187,22779,3137
2012-05-27,221579,63093,526,9063,22626,3082
2012-05-28,242087,66909,548,9421,22053,3082
2012-05-29,247104,69337,559,9397,23366,3151
2012-05-30,276404,71534,575,9776,23428,3266
2012-05-31,278037,75516,610,10414,24648,3519
2012-06-01,256637,77679,624,10542,25527,3609
2012-06-02,240029,71364,585,10052,24711,3433
2012-06-03,256970,67880,558,9604,23613,3338
2012-06-04,279820,69280,585,10084,24445,3344
2012-06-05,284395,72309,599,10187,24953,3427
2012-06-06,290854,69923,597,10233,25891,3352
2012-06-07,270679,68161,567,9984,24776,3277
2012-06-08,233475,67707,566,9496,24541,3198
2012-06-09,247404,67632,562,9472,24093,3265
2012-06-10,275291,66852,551,9548,24022,3282
2012-06-11,236583,64973,563,9438,24475,3124
2012-06-12,231887,64311,563,9383,24012,3122
2012-06-13,256383,64106,548,9465,24335,3089
2012-06-14,266429,65107,567,9519,25071,3148
2012-06-15,272500,67420,579,9799,25572,3281
2012-06-16,285125,70186,578,9877,26016,3388
2012-06-17,287983,68042,562,9806,26165,3322
2012-06-18,269104,65609,565,9613,25415,3119
2012-06-19,237354,65376,568,9552,24255,3156
2012-06-20,219320,65527,566,9551,23709,3163
2012-06-21,251575,65486,571,9745,24253,3180
2012-06-22,265950,66662,571,9869,24155,3198
2012-06-23,280416,71279,566,9998,24548,3329
2012-06-24,303604,73158,573,10229,24791,3451
2012-06-25,310737,79570,634,11225,27720,3654
2012-06-26,353558,85615,671,11832,29090,3867
2012-06-27,340820,81243,650,11308,28394,3719
2012-06-28,347325,73539,616,10914,25574,3498
2012-06-29,301316,69562,599,10430,25625,3397
2012-06-30,289862,68411,570,9986,24699,3351
2012-07-01,294775,64826,546,9672,23813,3224
2012-07-02,330725,70660,578,10187,25036,3268
2012-07-03,342516,72497,598,10549,26126,3374
2012-07-04,332462,69905,591,10502,26125,3336
2012-07-05,295675,65059,576,9932,25200,3235
2012-07-06,311333,68683,586,10113,25684,3295
2012-07-07,318616,68863,573,10273,25842,3349
2012-07-08,298462,67897,555,10027,25364,3284
2012-07-09,297637,66520,575,10040,25819,3231
2012-07-10,294629,68068,582,9885,25375,3261
2012-07-11,305291,67742,578,9787,25319,3222
2012-07-12,337554,71257,583,10177,24997,3250
2012-07-13,345337,70919,596,10306,24944,3337
2012-07-14,324500,71309,570,10058,24825,3354
2012-07-15,338554,68367,558,9840,24389,3328
2012-07-16,375341,79677,632,10935,26761,3606
2012-07-17,375620,84973,679,11664,28137,3892
2012-07-18,385812,83238,668,11730,26558,3853
2012-07-19,393195,80287,640,11206,25845,3671
2012-07-20,368412,75533,632,10934,25750,3626
2012-07-21,388754,81358,623,10917,26450,3736
2012-07-22,385741,78079,610,10717,26167,3666
2012-07-23,351937,79467,636,10924,26306,3579
2012-07-24,326162,82173,639,10969,26877,3625
2012-07-25,316329,81242,640,10934,26575,3596
2012-07-26,308991,80774,630,10805,24773,3610
2012-07-27,304220,77370,627,10953,25488,3577
2012-07-28,296991,78755,616,10593,25484,3612
2012-07-29,332483,72527,585,10193,25289,3480
2012-07-30,332829,77098,617,10573,24194,3504
2012-07-31,339762,75679,616,10550,24415,3534
2012-08-01,337712,75156,615,10620,24755,3511
2012-08-02,360220,76473,617,10648,26385,3533
2012-08-03,348725,76806,618,10667,24678,3572
2012-08-04,338808,75537,601,10407,24645,3567
2012-08-05,304562,68513,569,9960,24023,3388
2012-08-06,307291,72043,599,10125,24436,3409
2012-08-07,352479,77514,621,10649,25275,3543
2012-08-08,385416,79032,626,10905,25249,3572
2012-08-09,390416,83873,647,11323,25818,3676
2012-08-10,430808,82555,652,11438,25689,3726
2012-08-11,393766,78672,623,10930,24921,3669
2012-08-12,342495,71505,586,10317,24256,3460
2012-08-13,346754,74824,611,10715,24805,3504
2012-08-14,342145,75853,616,10884,25789,3589
2012-08-15,342725,74592,581,10610,26703,3410
2012-08-16,333766,75493,590,10646,26043,3409
2012-08-17,352225,79717,607,10943,26244,3539
2012-08-18,342333,80765,599,11031,25000,3635
2012-08-19,360304,77057,599,10875,25295,3641
2012-08-20,399333,80936,633,11624,26556,3752
2012-08-21,434695,83322,627,11874,26396,3694
2012-08-22,373708,77863,611,11007,25612,3557
2012-08-23,360291,75089,606,10889,25701,3570
2012-08-24,343104,73875,599,10807,26067,3553
2012-08-25,356700,76304,586,10603,25605,3553
2012-08-26,323866,71346,560,9986,24297,3375
2012-08-27,325850,71612,573,10308,25008,3365
2012-08-28,364325,74224,590,10714,26304,3474
2012-08-29,319883,70090,576,10439,25177,3344
2012-08-30,326700,73289,580,10467,24577,3373
2012-08-31,352587,73974,593,10587,26102,3497
2012-09-01,345187,74672,588,10346,26308,3539
2012-09-02,339687,70052,579,10118,26534,3503
2012-09-03,320816,73662,607,10343,26166,3543
2012-09-04,325662,73922,618,10593,26218,3623
2012-09-05,336754,74886,625,10633,26972,3617
2012-09-06,351487,77943,643,10734,27130,3730
2012-09-07,342404,79085,642,10978,27119,3759
2012-09-08,317787,80121,613,10508,27173,3674
2012-09-09,320766,70468,585,10143,26841,3520
2012-09-10,309920,72671,602,10269,25650,3462
2012-09-11,331416,75603,617,10632,26414,3567
2012-09-12,369337,76443,627,10917,26261,3643
2012-09-13,353450,75211,613,10580,26061,3556
2012-09-14,323837,73937,627,10675,26859,3638
2012-09-15,348170,79256,609,10266,26384,3631
2012-09-16,310991,71413,577,10060,25190,3473
2012-09-17,293583,71602,596,10222,25734,3444
2012-09-18,311654,74935,611,10492,26399,3527
2012-09-19,317050,74108,619,10439,26178,3563
2012-09-20,291658,74302,614,10372,26021,3522
2012-09-21,287941,73751,608,10306,25892,3501
2012-09-22,293962,77151,592,10230,26463,3577
2012-09-23,296129,68690,557,9735,25404,3397
2012-09-24,236633,68621,563,9552,24482,3245
2012-09-25,233916,66760,558,9554,23538,3236
2012-09-26,209733,63216,540,9139,21942,3138
2012-09-27,188812,64919,537,9171,22850,3137
2012-09-28,191804,67397,547,9331,22063,3221
2012-09-29,227270,74319,540,9476,24534,3359
2012-09-30,228108,69937,517,9230,24204,3234
2012-10-01,211216,66817,535,9255,23458,3167
2012-10-02,219250,65423,543,9377,23559,3162
2012-10-03,217745,66198,544,9278,23266,3184
2012-10-04,228937,69439,542,9254,23372,3189
2012-10-05,231120,72798,543,9871,23895,3299
2012-10-06,223900,70935,543,9552,24219,3357
2012-10-07,238870,69823,536,9494,23885,3330
2012-10-08,236962,70803,563,9816,24021,3354
2012-10-09,242945,72254,582,10060,25088,3443
2012-10-10,237100,72196,575,9925,24619,3372
2012-10-11,225004,67301,563,9627,24825,3305
2012-10-12,200254,67023,551,9509,23638,3197
2012-10-13,208325,63765,520,9106,22262,3149
2012-10-14,215087,61817,512,9060,22351,3134
2012-10-15,179466,62167,519,8830,21435,3004
2012-10-16,186020,60815,538,9036,22121,3086
2012-10-17,180070,61824,539,9139,21821,3099
2012-10-18,160579,59493,526,8872,20184,2950
2012-10-19,166770,60263,523,8775,20202,2927
2012-10-20,173866,60904,502,8511,20685,2988
2012-10-21,186058,58963,494,8497,20577,2937
2012-10-22,189800,63757,541,9079,23210,3112
2012-10-23,174120,67604,555,9339,23392,3185
2012-10-24,172041,63546,545,9162,22154,3118
2012-10-25,166504,62449,539,9123,22629,3068
2012-10-26,179683,64234,544,9221,22167,3100
2012-10-27,167245,64213,519,9106,22131,3111
2012-10-28,162076,59765,491,8436,20773,2945
2012-10-29,170245,58966,514,8469,20205,2882
2012-10-30,164437,62435,523,8692,20405,2906
2012-10-31,163170,59262,520,8580,20246,2889
2012-11-01,152566,60160,507,8798,20610,2959
2012-11-02,155395,61896,531,8965,21737,3035
2012-11-03,191395,64609,530,9253,23307,3190
2012-11-04,146266,60935,501,8719,21342,2974
2012-11-05,159050,59199,513,8620,18750,2882
2012-11-06,150766,59396,518,8540,19499,2876
2012-11-07,162583,57015,524,8583,20482,2873
2012-11-08,155583,58055,531,8711,20752,2900
2012-11-09,153154,58710,532,8650,20261,2874
2012-11-10,148316,60385,519,8725,21402,2941
2012-11-11,144520,55879,489,8083,19782,2787
2012-11-12,138841,54980,514,8320,19572,2771
2012-11-13,143658,56104,520,8438,18273,2794
2012-11-14,146737,56462,523,8565,19435,2841
2012-11-15,160950,57485,528,8600,19986,2906
2012-11-16,137487,59793,537,8831,19439,2959
2012-11-17,153025,60886,521,8765,21244,3017
2012-11-18,147333,57909,493,8347,19791,2841
2012-11-19,145354,57314,517,8475,19505,2836
2012-11-20,151304,57976,530,8594,19656,2903
2012-11-21,147500,56360,522,8456,19178,2850
2012-11-22,146437,56089,524,8377,18404,2844
2012-11-23,150033,58476,541,8552,18834,2961
2012-11-24,165408,60155,529,8895,20521,3066
2012-11-25,168316,58676,508,8591,20142,2978
2012-11-26,145825,53775,525,8467,18520,2879
2012-11-27,144508,53237,532,8403,17346,2877
2012-11-28,140454,53309,533,8420,18198,2923
2012-11-29,140145,52384,536,8379,18294,2915
2012-11-30,138583,54050,547,8542,18178,3001
2012-12-01,141737,54581,526,8555,18038,3037
2012-12-02,141950,53062,506,8131,17702,2921
2012-12-03,140962,53196,541,8308,18223,2944
2012-12-04,140729,55436,544,8567,18832,2976
2012-12-05,142441,54371,544,8547,18801,2976
2012-12-06,141050,56248,552,8677,19649,3001
2012-12-07,140437,57222,554,8824,20835,3075
2012-12-08,149941,57500,525,8662,20232,3047
2012-12-09,149975,54281,514,8179,19693,2958
2012-12-10,138325,53995,538,8273,20282,2940
2012-12-11,137700,54512,545,8414,20543,2983
2012-12-12,139970,56216,551,8468,20206,3046
2012-12-13,135400,57361,558,8765,21015,3064
2012-12-14,138375,58765,572,9165,21892,3171
2012-12-15,144158,59722,549,9046,21578,3207
2012-12-16,152400,57028,532,8842,20553,3131
2012-12-17,148612,57150,550,8913,21181,3103
2012-12-18,150562,60755,558,9068,21196,3166
2012-12-19,150650,58997,552,9072,20960,3148
2012-12-20,147000,62040,551,9157,21043,3178
2012-12-21,154012,65248,563,9279,21380,3257
2012-12-22,157504,64369,545,9191,21400,3289
2012-12-23,154075,62299,526,8870,21106,3197
2012-12-24,152620,55956,493,7888,19113,2853
2012-12-25,120316,33672,361,5320,13502,1912
2012-12-26,140120,56010,526,8325,18397,2989
2012-12-27,142350,57808,537,8761,19025,3049
2012-12-28,144341,57868,537,8724,19278,3077
2012-12-29,144812,59811,530,8747,20039,3117
2012-12-30,145983,56954,521,8669,20372,3071
2012-12-31,139458,54347,511,7794,17349,2805
2013-01-01,110258,32155,370,5269,12643,1865
2013-01-02,134733,53865,525,8191,18505,2958
2013-01-03,137762,57454,526,8326,18701,2937
2013-01-04,137866,57943,536,8317,18946,2961
2013-01-05,140141,50941,521,8204,18904,3034
2013-01-06,141141,47454,504,8012,19034,2965
2013-01-07,136508,55518,531,8081,18580,2925
2013-01-08,136733,62833,531,8210,19058,2960
2013-01-09,136220,57601,540,8360,20030,3011
2013-01-10,138995,62518,536,8315,19983,2985
2013-01-11,138529,60941,538,8362,19759,2993
2013-01-12,137462,54155,522,8159,19435,3040
2013-01-13,138208,49724,500,7859,18646,2930
2013-01-14,126287,56735,534,8047,19030,2917
2013-01-15,124341,60218,541,8128,18565,2963
2013-01-16,125462,57718,546,8239,19030,2987
2013-01-17,137175,60244,544,8308,19972,2998
2013-01-18,138720,60031,554,8453,20454,3084
2013-01-19,133333,54189,519,7895,18781,2964
2013-01-20,137970,46476,510,7758,19074,2918
2013-01-21,133695,54307,531,7857,18951,2865
2013-01-22,130975,56038,543,7878,19203,2872
2013-01-23,126016,55881,553,8108,19493,2917
2013-01-24,129045,57549,544,8208,19599,2931
2013-01-25,129950,59843,554,8384,19824,2979
2013-01-26,132904,56228,529,8134,19968,3028
2013-01-27,139662,54621,509,7955,19637,2914
2013-01-28,131325,56487,525,7955,19846,2872
2013-01-29,132441,58194,528,7966,19592,2898
2013-01-30,135212,57606,531,7934,20245,2934
2013-01-31,128000,56996,530,8034,19964,2920
2013-02-01,128666,57952,541,8253,20083,2965
2013-02-02,127045,54017,515,7950,19132,2959
2013-02-03,129141,42331,492,7634,17894,2856
2013-02-04,108633,53098,515,7908,18077,2870
2013-02-05,110975,56783,523,8080,18146,2889
2013-02-06,110495,57980,526,7916,18281,2873
2013-02-07,109883,57834,528,7850,18057,2885
2013-02-08,110529,56251,532,7956,17932,2902
2013-02-09,110129,56037,511,7724,17857,2947
2013-02-10,113687,50433,502,7565,17606,2891
2013-02-11,111258,53992,525,7864,17761,2914
2013-02-12,110091,50737,514,7930,18197,2893
2013-02-13,113175,53905,527,7983,18874,2895
2013-02-14,110483,53573,524,8043,19536,2867
2013-02-15,110858,55540,525,8074,19635,2887
2013-02-16,113304,53396,509,7800,19498,2954
2013-02-17,113295,50488,499,7718,19470,2911
2013-02-18,111050,53509,519,8063,19736,2878
2013-02-19,114270,53925,525,8047,19406,2894
2013-02-20,127408,55104,526,8084,18288,2880
2013-02-21,125904,56420,528,8172,20250,2912
2013-02-22,122091,57179,534,8186,20018,2929
2013-02-23,124416,53359,508,7832,18810,2922
2013-02-24,123345,39779,491,7583,18333,2834
2013-02-25,118845,52120,517,7800,18583,2834
2013-02-26,120416,56803,521,7964,18838,2846
2013-02-27,119558,57728,527,8061,18566,2857
2013-02-28,118429,57774,524,8009,18613,2818
2013-03-01,119866,61083,521,7978,18271,2854
2013-03-02,124275,60484,503,7754,18166,2889
2013-03-03,125908,54334,485,7651,17967,2812
2013-03-04,120120,53952,515,8070,18350,2853
2013-03-05,121229,59698,514,8227,19619,2868
2013-03-06,122154,58504,520,8219,19569,2918
2013-03-07,123941,59314,523,8315,19377,2919
2013-03-08,121120,59631,519,8281,20102,2909
2013-03-09,125308,55630,503,7903,19306,2943
2013-03-10,123941,52436,483,7690,18818,2839
2013-03-11,119645,55030,509,7959,18999,2821
2013-03-12,119733,62955,511,7881,18889,2817
2013-03-13,117970,58685,506,7829,17904,2768
2013-03-14,120525,57057,508,7870,18371,2757
2013-03-15,116320,56286,510,7988,18903,2808
2013-03-16,126037,53908,503,7856,19120,2891
2013-03-17,127033,45036,476,7706,18663,2812
2013-03-18,120929,45012,499,7850,18724,2789
2013-03-19,123137,54432,509,7990,19047,2806
2013-03-20,126400,55289,499,7862,18637,2798
2013-03-21,124791,55693,502,7929,19120,2856
2013-03-22,126966,56425,510,8018,19373,2902
2013-03-23,125991,54000,493,7867,18831,2922
2013-03-24,127995,51339,475,7637,18753,2826
2013-03-25,124716,54736,516,7968,19351,2913
2013-03-26,131350,60115,526,8163,19590,2961
2013-03-27,132745,60015,524,8121,19477,2915
2013-03-28,133845,62161,528,8202,19461,2953
2013-03-29,135475,59720,531,8572,19940,3012
2013-03-30,134475,60322,508,8155,19729,3002
2013-03-31,132778,48289,460,7595,18267,2729
2013-04-01,101487,59849,488,7885,18962,2800
2013-04-02,128095,62938,498,7894,19005,2824
2013-04-03,122312,60505,502,7915,18940,2804
2013-04-04,126433,59404,499,7991,18954,2782
2013-04-05,129466,61040,497,7858,18510,2770
2013-04-06,132362,56558,476,7623,18412,2791
2013-04-07,131908,46191,469,7681,18643,2752
2013-04-08,131120,52505,495,7812,19171,2792
2013-04-09,124316,59210,501,8000,20423,2800
2013-04-10,124808,60978,512,8111,20527,2855
2013-04-11,128287,62847,507,8096,20579,2821
2013-04-12,124025,64119,507,8066,19768,2848
2013-04-13,132216,59719,492,8100,19776,2905
2013-04-14,149666,58373,471,8073,19432,2846
2013-04-15,146475,61361,498,8313,20313,2856
2013-04-16,151691,62109,498,8436,20363,2874
2013-04-17,153595,62778,498,8390,20722,2859
2013-04-18,168325,63122,492,8329,20191,2841
2013-04-19,157100,65509,497,8428,21078,2889
2013-04-20,159650,62930,478,8300,20428,2934
2013-04-21,160887,57667,463,8123,19803,2871
2013-04-22,159066,57009,495,7988,20357,2891
2013-04-23,152083,62480,505,8298,20575,2974
2013-04-24,158491,63492,512,8322,20648,3031
2013-04-25,173929,63016,496,8449,20805,3024
2013-04-26,169791,64291,505,8339,20861,2971
2013-04-27,156037,59588,470,7705,19384,2825
2013-04-28,141733,55763,449,7297,18386,2686
2013-04-29,132033,59128,478,7483,18521,2696
2013-04-30,133270,63229,487,7627,18988,2763
2013-05-01,111012,58780,475,7774,18813,2791
2013-05-02,153050,62192,489,8021,19483,2829
2013-05-03,155212,67714,499,8330,20143,2938
2013-05-04,171037,64794,490,8258,20185,3026
2013-05-05,194150,59827,470,8188,20154,2931
2013-05-06,217712,64879,496,8317,20460,2903
2013-05-07,212883,65960,504,8348,20924,2948
2013-05-08,209441,67405,506,8416,20069,2956
2013-05-09,216500,67709,508,8635,21374,2993
2013-05-10,209475,65964,505,8505,21634,2971
2013-05-11,210337,63621,483,8211,22179,2972
2013-05-12,195720,51988,474,8202,21252,2966
2013-05-13,202545,64621,510,8568,23017,3032
2013-05-14,212637,67216,504,8648,21648,2945
2013-05-15,164670,65076,486,8186,19816,2828
2013-05-16,158704,65354,484,8049,19269,2790
2013-05-17,154795,67009,489,8079,19661,2799
2013-05-18,158483,64062,470,7854,19134,2839
2013-05-19,155587,60415,453,7636,18686,2744
2013-05-20,159829,59998,477,7896,18898,2771
2013-05-21,167975,66102,490,8171,20115,2863
2013-05-22,180820,67537,498,8416,20858,2901
2013-05-23,167104,70299,504,8470,21076,2979
2013-05-24,164275,71720,508,8629,21291,3015
2013-05-25,173012,69061,490,8402,20989,3018
2013-05-26,177008,62558,466,8029,19985,2877
2013-05-27,159537,64830,488,8049,19796,2828
2013-05-28,153758,68433,488,8194,20207,2812
2013-05-29,152370,67648,488,8154,20099,2804
2013-05-30,160004,67131,487,8189,20391,2829
2013-05-31,191912,68360,502,8486,21832,2933
2013-06-01,210325,68821,502,8647,22379,3085
2013-06-02,212483,67013,494,8768,21835,3105
2013-06-03,212537,70791,525,9117,23408,3161
2013-06-04,178845,73771,531,9188,24782,3197
2013-06-05,215495,72198,513,8889,23300,3058
2013-06-06,157475,69297,503,8495,21897,2960
2013-06-07,173475,67796,508,8528,21304,2970
2013-06-08,169641,67917,496,8329,21390,2977
2013-06-09,171883,61905,474,8257,20852,2905
2013-06-10,171258,65342,485,8436,21708,2904
2013-06-11,178204,68796,511,8671,22485,2969
2013-06-12,212095,72204,519,9070,22000,3043
2013-06-13,246316,71649,519,9175,24202,3097
2013-06-14,249579,72564,522,9173,23466,3096
2013-06-15,247683,70779,511,8851,23325,3136
2013-06-16,244575,60829,488,8608,22194,3010
2013-06-17,198858,63719,500,8539,21970,2939
2013-06-18,177716,67007,506,8777,22216,2979
2013-06-19,195737,67841,505,8734,22227,2955
2013-06-20,214929,68951,504,8858,22275,2947
2013-06-21,208508,69001,519,9107,23388,3069
2013-06-22,231241,71747,523,9364,23806,3232
2013-06-23,281029,63412,506,9368,22610,3145
2013-06-24,238445,63578,542,9899,24298,3327
2013-06-25,277579,69363,583,10817,25161,3496
2013-06-26,271237,74516,598,10992,25568,3540
2013-06-27,255370,75428,599,11146,25793,3546
2013-06-28,280633,77636,605,11319,25608,3616
2013-06-29,301400,79538,609,11310,27402,3742
2013-06-30,310050,74439,602,11254,25983,3779
2013-07-01,289587,73232,591,10860,24820,3547
2013-07-02,280004,73211,568,10484,24952,3349
2013-07-03,298000,78488,607,11078,26755,3650
2013-07-04,332229,82183,662,11728,27997,3970
2013-07-05,332470,83935,687,12181,27858,4090
2013-07-06,332666,83694,682,11996,28238,4170
2013-07-07,343429,78254,662,11887,27553,4092
2013-07-08,349454,77417,686,11885,27034,4078
2013-07-09,355900,79460,677,11935,27007,4067
2013-07-10,363562,77451,646,11529,26622,3858
2013-07-11,333750,77733,621,11212,26515,3681
2013-07-12,309825,77246,609,11182,26397,3541
2013-07-13,291470,77551,585,10557,25219,3558
2013-07-14,297704,71315,562,10307,24051,3477
2013-07-15,308650,73357,589,10551,25338,3517
2013-07-16,328354,74203,599,10874,25197,3518
2013-07-17,327041,73033,603,10676,24821,3594
2013-07-18,312141,73256,605,10629,25546,3574
2013-07-19,308054,74631,600,10782,25555,3499
2013-07-20,293745,72757,576,10510,24875,3484
2013-07-21,290441,63855,552,10443,24768,3366
2013-07-22,297212,66839,571,10447,25226,3350
2013-07-23,304587,69794,584,10556,25447,3441
2013-07-24,312820,73491,600,10798,25632,3520
2013-07-25,322929,75568,601,10778,25617,3501
2013-07-26,284754,71014,584,10389,24375,3377
2013-07-27,266033,70920,562,10121,24161,3399
2013-07-28,278325,68016,534,9923,24071,3323
2013-07-29,291520,70573,559,10210,24880,3358
2013-07-30,321241,77555,587,10702,26110,3517
2013-07-31,333145,77473,595,11009,26460,3583
2013-08-01,319904,75424,589,10977,26158,3496
2013-08-02,305179,72004,593,10846,25971,3473
2013-08-03,299966,69651,569,10392,25334,3448
2013-08-04,298800,66570,547,10323,24360,3437
2013-08-05,309716,69856,583,10426,25578,3495
2013-08-06,316395,75527,585,10575,25946,3484
2013-08-07,301354,74854,573,10343,25096,3416
2013-08-08,308358,76282,578,10572,25108,3485
2013-08-09,342637,80997,626,11247,27397,3778
2013-08-10,345816,82832,636,11401,27636,3965
2013-08-11,339012,77934,612,11128,26074,3822
2013-08-12,326116,75393,608,10888,25577,3632
2013-08-13,326866,77471,627,11341,26939,3840
2013-08-14,328850,79503,645,11562,26963,3903
2013-08-15,345795,77770,616,11524,25984,3765
2013-08-16,340550,75955,599,10983,25340,3616
2013-08-17,325891,80882,594,11071,25836,3724
2013-08-18,326900,76355,580,11053,25831,3622
2013-08-19,349512,74966,618,11463,26658,3743
2013-08-20,347912,77618,631,11801,26640,3825
2013-08-21,343195,73810,594,11339,25130,3587
2013-08-22,336233,74386,589,11106,24732,3540
2013-08-23,336879,76264,590,11187,25636,3585
2013-08-24,323041,76458,580,10999,26068,3637
2013-08-25,315637,71780,560,10771,25700,3542
2013-08-26,298337,72205,575,10656,25267,3518
2013-08-27,274245,73522,591,10909,25365,3602
2013-08-28,278325,74362,590,10735,25521,3566
2013-08-29,302566,72382,585,10744,25515,3567
2013-08-30,320154,74200,596,10949,26416,3644
2013-08-31,317895,74594,586,10811,26420,3731
2013-09-01,313962,69326,573,10482,24885,3659
2013-09-02,303762,74306,602,10677,26316,3701
2013-09-03,307458,77287,610,10872,26330,3685
2013-09-04,303479,74999,599,10760,25937,3579
2013-09-05,297387,73814,579,10454,25162,3467
2013-09-06,295337,72104,574,10409,25551,3459
2013-09-07,276708,60089,548,9945,24726,3425
2013-09-08,265825,61403,511,9603,23189,3220
2013-09-09,256329,65560,539,9729,23186,3234
2013-09-10,277154,70072,566,10105,23835,3382
2013-09-11,288450,72015,574,10284,24543,3450
2013-09-12,310550,72708,582,10476,25364,3484
2013-09-13,316870,73197,592,10731,26242,3585
2013-09-14,294058,74556,570,10498,25486,3575
2013-09-15,297008,67358,547,9921,25107,3477
2013-09-16,282725,66651,558,10045,24176,3368
2013-09-17,262820,67144,558,10253,24522,3337
2013-09-18,261800,68091,555,10054,24476,3268
2013-09-19,255595,70379,568,10152,25210,3372
2013-09-20,283458,73497,590,10511,26195,3544
2013-09-21,296804,74118,587,10556,26392,3667
2013-09-22,295220,65314,566,10269,25308,3563
2013-09-23,281000,66609,581,10413,25136,3488
2013-09-24,250983,67462,575,10430,24544,3414
2013-09-25,248137,67889,564,10164,24779,3306
2013-09-26,251300,68975,559,10210,24840,3282
2013-09-27,259912,67048,566,10419,25329,3281
2013-09-28,254608,66030,541,10032,24623,3324
2013-09-29,249779,60977,519,9610,24386,3227
2013-09-30,257183,62757,552,10247,24954,3271
2013-10-01,247870,64948,553,10327,24487,3282
2013-10-02,219737,64054,548,10131,24242,3214
2013-10-03,246279,66164,545,10192,24304,3212
2013-10-04,224320,68867,539,10156,23621,3205
2013-10-05,214029,67228,516,9744,23389,3211
2013-10-06,229304,54039,501,9588,23096,3172
2013-10-07,206816,60638,527,9842,23892,3152
2013-10-08,228620,64257,536,9952,23571,3213
2013-10-09,222904,62683,537,9778,23626,3221
2013-10-10,230829,62204,536,9786,23425,3193
2013-10-11,222712,64181,528,9650,22445,3142
2013-10-12,199883,61520,502,9227,22854,3099
2013-10-13,207995,53037,491,9039,22703,3062
2013-10-14,208004,57417,520,9186,22747,3096
2013-10-15,212604,63054,538,9694,23375,3220
2013-10-16,202212,62843,534,9739,23422,3181
2013-10-17,205741,63697,534,9679,23522,3180
2013-10-18,201229,58765,536,9655,23509,3176
2013-10-19,203058,50846,517,9493,23546,3204
2013-10-20,204012,53913,494,9267,22743,3121
2013-10-21,190779,59358,524,9618,22797,3107
2013-10-22,200762,63315,530,9574,21609,3145
2013-10-23,198879,63707,521,9679,23043,3106
2013-10-24,212900,64997,529,9623,23111,3122
2013-10-25,180470,64670,518,9382,22051,3081
2013-10-26,182275,60993,495,9144,21278,3064
2013-10-27,197792,58673,483,9072,21603,3042
2013-10-28,178920,57461,497,8912,21095,2941
2013-10-29,155337,57719,491,8722,19887,2857
2013-10-30,153345,57202,486,8582,20031,2835
2013-10-31,158587,59208,487,8511,20225,2847
2013-11-01,154941,63644,511,8827,20945,2977
2013-11-02,169375,62374,503,8993,22329,3094
2013-11-03,170820,53808,467,8712,21530,2940
2013-11-04,159358,55196,507,8739,21761,2974
2013-11-05,159670,61714,514,8873,22568,3002
2013-11-06,159070,62735,511,8773,21170,2973
2013-11-07,154504,64254,511,8809,21681,2973
2013-11-08,164758,62325,513,8869,21659,2982
2013-11-09,153304,60869,492,8589,21528,3004
2013-11-10,161937,56401,475,8332,21295,2939
2013-11-11,157091,60686,492,8538,21375,2871
2013-11-12,170391,63062,495,8640,21265,2868
2013-11-13,163879,61916,498,8538,21416,2891
2013-11-14,165829,60959,495,8479,21259,2868
2013-11-15,158654,60313,498,8503,19477,2842
2013-11-16,148454,42845,479,8265,18611,2860
2013-11-17,148895,40542,460,7934,17779,2783
2013-11-18,145450,54567,491,8060,17950,2785
2013-11-19,148641,59966,499,8282,18997,2811
2013-11-20,142850,60278,495,8187,19491,2750
2013-11-21,142212,60656,505,8421,18346,2811
2013-11-22,146212,62473,514,8677,18828,2890
2013-11-23,146354,59870,497,8399,18471,2887
2013-11-24,142879,58853,474,7970,17433,2766
2013-11-25,141308,59941,502,8172,17691,2784
2013-11-26,139954,62391,509,8209,19010,2834
2013-11-27,141283,59037,508,8119,18063,2826
2013-11-28,140554,60578,510,8106,18404,2862
2013-11-29,143087,59892,519,8252,18485,2881
2013-11-30,139629,60685,506,8169,19007,2962
2013-12-01,143845,59122,481,8077,18461,2838
2013-12-02,139450,60027,513,8173,18632,2870
2013-12-03,142187,60550,515,8095,18150,2871
2013-12-04,144387,59886,519,8297,18589,2886
2013-12-05,143962,61572,521,8375,19461,2890
2013-12-06,151683,63436,527,8521,19016,2906
2013-12-07,152079,63772,511,8370,18471,2961
2013-12-08,148600,59898,495,8074,17242,2866
2013-12-09,139879,57961,522,8162,18807,2885
2013-12-10,139916,63096,526,8276,19017,2885
2013-12-11,142512,62844,525,8317,18985,2906
2013-12-12,139366,63124,525,8557,18419,2924
2013-12-13,145216,64188,531,8793,19734,2987
2013-12-14,149795,54785,510,8572,19795,3024
2013-12-15,152229,52989,489,8280,19085,2947
2013-12-16,141470,52816,516,8367,18509,2927
2013-12-17,144575,60955,529,8563,18979,3010
2013-12-18,139650,62044,534,8584,18550,3030
2013-12-19,143308,62585,536,8820,18531,3017
2013-12-20,140008,63515,537,8815,18282,2990
2013-12-21,147062,63106,525,8628,18148,3039
2013-12-22,148420,62086,515,8635,17982,3004
2013-12-23,146516,62600,547,9024,18369,3114
2013-12-24,129354,49152,493,7985,17784,2756
2013-12-25,105887,28132,348,5046,12126,1827
2013-12-26,139316,54290,520,8463,17053,2899
2013-12-27,143845,62586,536,9002,18513,3056
2013-12-28,147841,62614,517,8664,17666,2995
2013-12-29,148187,60942,501,8518,17475,2899
2013-12-30,140733,64159,537,8585,18110,3015
2013-12-31,145766,56065,503,7822,16854,2745
2014-01-01,112187,29468,360,5262,11675,1860
2014-01-02,136475,54173,526,8470,17852,2939
2014-01-03,146345,61835,525,8708,18166,2963
2014-01-04,145504,62072,509,8549,17670,2953
2014-01-05,145720,60677,495,8228,17750,2890
2014-01-06,136600,62301,522,8389,18377,2900
2014-01-07,129625,60820,524,8466,18693,2898
2014-01-08,146116,57405,521,8341,18608,2883
2014-01-09,139150,57427,511,8211,18434,2837
2014-01-10,139912,56252,516,8265,18558,2858
2014-01-11,139508,54245,506,8050,18523,2905
2014-01-12,151612,51921,488,8015,18557,2836
2014-01-13,134858,55923,518,8088,18061,2835
2014-01-14,133279,60931,523,8197,18024,2866
2014-01-15,137654,58629,509,8239,19046,2840
2014-01-16,135645,57620,504,8030,18233,2823
2014-01-17,131895,59112,514,8220,18158,2848
2014-01-18,133095,58026,492,7953,17955,2877
2014-01-19,135891,48111,473,7760,17490,2778
2014-01-20,130158,55073,501,8014,17975,2801
2014-01-21,135479,59173,510,8241,18359,2840
2014-01-22,132533,58466,500,8148,18229,2831
2014-01-23,136850,56589,501,8136,18488,2808
2014-01-24,133450,60778,511,8343,18429,2882
2014-01-25,136508,60704,495,8264,18525,2965
2014-01-26,140954,51452,478,7995,18445,2892
2014-01-27,129720,51719,500,8203,18233,2846
2014-01-28,130820,56050,511,8381,18621,2869
2014-01-29,128254,55570,507,8167,18142,2811
2014-01-30,129400,58394,509,8146,17945,2849
2014-01-31,128591,62713,518,8484,19003,2916
2014-02-01,134425,62760,495,8186,18268,2914
2014-02-02,135487,59082,476,7914,17883,2819
2014-02-03,128770,59820,504,8015,17884,2831
2014-02-04,132350,61686,522,8392,18641,2897
2014-02-05,131016,61756,511,8349,18742,2864
2014-02-06,130612,62126,515,8410,18547,2888
2014-02-07,129029,60821,515,8313,18927,2898
2014-02-08,136262,58482,498,8255,19159,2940
2014-02-09,138525,50174,480,7937,17994,2835
2014-02-10,128987,56077,503,7932,17339,2766
2014-02-11,123925,55066,513,8314,17569,2817
2014-02-12,122129,56005,517,8334,17731,2869
2014-02-13,123825,55804,512,8412,18255,2888
2014-02-14,125587,56189,520,8514,18633,2908
2014-02-15,123129,56424,490,8128,17282,2871
2014-02-16,136450,49087,467,7581,17063,2743
2014-02-17,117766,52390,502,7894,17251,2783
2014-02-18,116012,55608,500,8017,17302,2790
2014-02-19,118820,52848,493,7983,18223,2788
2014-02-20,121841,52969,499,8060,17638,2816
2014-02-21,119841,55396,497,8138,17486,2815
2014-02-22,124470,57363,480,7951,17964,2833
2014-02-23,127679,53539,458,7715,17122,2748
2014-02-24,117783,55362,484,7920,17474,2737
2014-02-25,117308,59527,493,8023,17702,2799
2014-02-26,117933,58897,488,7882,17932,2762
2014-02-27,119216,58994,494,8081,18030,2806
2014-02-28,119450,57920,497,8158,17967,2826
2014-03-01,125254,50683,490,8053,17913,2903
2014-03-02,127295,54623,470,7858,17655,2823
2014-03-03,119441,56485,483,7885,17463,2764
2014-03-04,120645,56937,480,8000,17310,2744
2014-03-05,126362,58921,486,8057,18026,2773
2014-03-06,132966,59738,478,7938,18556,2747
2014-03-07,121587,60624,480,8115,18750,2806
2014-03-08,122483,57753,463,8003,18962,2843
2014-03-09,127262,53463,446,7745,18593,2753
2014-03-10,129050,57413,466,7781,18909,2726
2014-03-11,128079,59257,469,7984,18804,2769
2014-03-12,129387,59451,466,7983,18440,2752
2014-03-13,127245,59033,466,8000,18419,2751
2014-03-14,128887,60618,470,8090,18611,2789
2014-03-15,144875,60912,457,8048,18618,2836
2014-03-16,145758,56135,443,8001,18237,2775
2014-03-17,133800,57352,463,8059,18374,2760
2014-03-18,134816,57571,465,8064,18323,2760
2014-03-19,130445,59707,469,8079,18581,2786
2014-03-20,131729,59938,467,8109,18372,2754
2014-03-21,130500,61191,477,8135,18943,2779
2014-03-22,130845,61072,455,7862,17987,2773
2014-03-23,133112,57683,436,7561,16615,2662
2014-03-24,124329,57742,467,7832,18185,2680
2014-03-25,121887,58112,474,7926,17843,2697
2014-03-26,122145,55804,466,7760,17943,2640
2014-03-27,123829,55474,473,7843,18149,2648
2014-03-28,125775,58693,478,8009,18548,2723
2014-03-29,125687,58166,460,7885,18554,2737
2014-03-30,133030,58174,459,7847,18544,2747
2014-03-31,123525,59298,476,7939,18369,2722
2014-04-01,123637,60852,484,8072,18397,2735
2014-04-02,123700,60546,472,7930,18210,2718
2014-04-03,123300,60518,469,7938,18256,2699
2014-04-04,126745,59290,484,8153,18548,2792
2014-04-05,131570,62065,476,8312,19067,2903
2014-04-06,156925,60730,454,8133,18791,2814
2014-04-07,146729,60861,475,8330,19083,2815
2014-04-08,170879,62379,480,8687,19533,2879
2014-04-09,154754,63710,486,8660,20149,2924
2014-04-10,158479,64275,478,8539,20022,2904
2014-04-11,155941,66150,480,8614,19773,2899
2014-04-12,155979,67055,469,8563,20156,2927
2014-04-13,173166,63840,456,8602,19727,2894
2014-04-14,152608,66012,482,8623,20375,2940
2014-04-15,154591,68744,489,8671,20735,2968
2014-04-16,159641,65394,483,8697,20726,2927
2014-04-17,169145,70019,496,8912,20906,3038
2014-04-18,162929,66711,485,8938,20413,2970
2014-04-19,158187,64173,466,8367,19651,2900
2014-04-20,159025,48958,417,7626,18229,2570
2014-04-21,143854,60037,451,8191,19345,2744
2014-04-22,145900,64907,469,8402,19202,2799
2014-04-23,149108,64964,466,8257,19296,2787
2014-04-24,142200,64500,462,8228,19523,2758
2014-04-25,139204,63878,460,8348,19302,2779
2014-04-26,156262,64548,458,8280,20160,2836
2014-04-27,167758,61730,435,8134,19474,2733
2014-04-28,162366,63050,461,8293,19905,2776
2014-04-29,164250,64356,471,8578,20171,2832
2014-04-30,188283,65842,479,8814,21073,2938
2014-05-01,185004,64635,466,9047,20155,2921
2014-05-02,198333,68511,485,9197,21187,3032
2014-05-03,202758,68396,478,9056,21062,3085
2014-05-04,206754,64755,464,9050,20861,3017
2014-05-05,197433,62902,484,9039,20897,2986
2014-05-06,192941,67275,485,8998,20698,2985
2014-05-07,185912,67101,486,9013,20441,2976
2014-05-08,187945,67606,487,8965,20699,2958
2014-05-09,191329,68470,500,9342,20662,3055
2014-05-10,206758,66727,487,9190,21125,3116
2014-05-11,224675,61322,465,8971,20528,3004
2014-05-12,197120,64420,479,8924,20389,2907
2014-05-13,207129,64961,491,9143,20939,2990
2014-05-14,198833,67758,501,9502,21572,3124
2014-05-15,194270,70567,515,9647,21507,3175
2014-05-16,192666,73017,519,9698,21709,3189
2014-05-17,193579,71245,501,9474,21882,3180
2014-05-18,204262,59108,480,9188,20990,3035
2014-05-19,173804,62291,474,8710,19742,2826
2014-05-20,164350,60389,473,8531,19518,2806
2014-05-21,157079,60977,468,8379,19044,2752
2014-05-22,163937,62719,467,8446,19483,2791
2014-05-23,163512,62838,471,8519,19808,2814
2014-05-24,160400,64628,451,8360,19154,2795
2014-05-25,161012,62896,432,8062,19034,2709
2014-05-26,158162,59798,457,8110,19393,2715
2014-05-27,160487,64896,469,8464,19796,2774
2014-05-28,166541,65111,473,8617,20515,2811
2014-05-29,183262,67366,480,8754,19746,2866
2014-05-30,185362,68880,486,8877,20237,2939
2014-05-31,198870,66628,477,8940,21042,2990
2014-06-01,207387,68563,465,8901,20385,2970
2014-06-02,204525,66399,487,9082,20913,2966
2014-06-03,196879,66671,484,9085,20850,2933
2014-06-04,200800,65143,479,9045,20422,2889
2014-06-05,190475,64676,482,9034,20254,2907
2014-06-06,184987,67345,490,9231,20813,2936
2014-06-07,190108,66923,471,8950,20619,2979
2014-06-08,192912,63216,458,8805,20326,2924
2014-06-09,185662,65290,480,9038,20663,2952
2014-06-10,198500,66329,473,9163,20216,2951
2014-06-11,222029,66379,506,9593,21157,3100
2014-06-12,244341,71875,541,10411,23080,3393
2014-06-13,293300,77945,554,10955,23905,3506
2014-06-14,328950,78661,562,11107,24866,3658
2014-06-15,330170,72432,540,10727,23996,3488
2014-06-16,276891,73518,552,10343,23882,3394
2014-06-17,237154,71692,545,10429,22878,3345
2014-06-18,221858,72457,534,9998,23005,3229
2014-06-19,211158,72243,525,9903,23152,3172
2014-06-20,217083,72195,528,9961,22518,3234
2014-06-21,217783,71807,505,9785,22710,3217
2014-06-22,218758,68580,484,9528,21649,3092
2014-06-23,217604,67304,502,9461,21742,3072
2014-06-24,208083,67871,504,9571,21868,3111
2014-06-25,215966,66946,505,9634,22124,3058
2014-06-26,215983,68347,508,9736,21774,3122
2014-06-27,231200,70462,520,9896,22242,3201
2014-06-28,261266,69961,501,9747,22108,3227
2014-06-29,243037,67362,478,9455,21254,3051
2014-06-30,225187,65303,501,9565,21694,3024
2014-07-01,227783,67511,504,9604,21369,3036
2014-07-02,215525,67959,507,9541,21842,3053
2014-07-03,232175,68221,524,9916,22335,3202
2014-07-04,260670,72171,527,10101,22654,3222
2014-07-05,269987,72534,514,9915,22642,3264
2014-07-06,249991,66973,489,9650,22429,3116
2014-07-07,231858,66230,501,9512,21960,3033
2014-07-08,292870,73143,518,9860,22825,3153
2014-07-09,274570,71747,539,10394,23374,3288
2014-07-10,286429,74194,554,10586,24969,3372
2014-07-11,315845,77222,570,10929,25753,3479
2014-07-12,321033,79849,557,10710,25155,3505
2014-07-13,308554,75260,526,10509,24784,3339
2014-07-14,315420,74133,563,10911,25760,3467
2014-07-15,324641,76434,571,10896,25625,3510
2014-07-16,330362,77258,578,10861,25529,3508
2014-07-17,324283,74322,558,10695,25187,3353
2014-07-18,287354,73692,545,10439,24830,3271
2014-07-19,281683,72846,528,10194,24759,3310
2014-07-20,274900,66327,507,9897,24058,3214
2014-07-21,296633,72310,541,10318,24573,3314
2014-07-22,315445,74812,564,10668,25311,3417
2014-07-23,316145,71134,553,10498,24786,3300
2014-07-24,290829,69877,553,10314,23952,3300
2014-07-25,299570,73101,567,10499,24153,3436
2014-07-26,305787,77595,559,10607,24721,3523
2014-07-27,284408,73305,540,10250,24094,3431
2014-07-28,282895,71430,570,10417,24489,3522
2014-07-29,287079,78204,590,10667,25424,3576
2014-07-30,266525,79851,598,10690,24821,3579
2014-07-31,249758,80866,576,10449,24469,3430
2014-08-01,274966,72000,562,10375,24505,3358
2014-08-02,283975,74266,542,10286,23611,3407
2014-08-03,300983,71643,518,10175,22542,3284
2014-08-04,278245,75136,538,9904,23344,3264
2014-08-05,317225,77695,558,10395,24133,3390
2014-08-06,316070,75107,566,10608,24652,3443
2014-08-07,337270,72921,575,10981,24258,3546
2014-08-08,338550,75289,581,11081,24508,3589
2014-08-09,333600,75948,565,10755,25406,3581
2014-08-10,324037,74342,539,10674,25117,3446
2014-08-11,324487,74724,550,10333,24509,3383
2014-08-12,342462,78119,552,10482,24806,3428
2014-08-13,315733,72969,535,10100,24032,3273
2014-08-14,312925,72600,532,10001,23516,3244
2014-08-15,323320,73041,531,10495,24379,3281
2014-08-16,303858,67653,539,10410,25246,3413
2014-08-17,337366,67058,541,10703,25358,3414
2014-08-18,318183,73464,549,10454,24712,3413
2014-08-19,282141,75109,541,10119,23839,3344
2014-08-20,284933,73122,536,10053,23616,3274
2014-08-21,292845,73499,531,9958,23522,3296
2014-08-22,289650,76816,537,10006,24067,3324
2014-08-23,292208,77667,527,10013,23584,3334
2014-08-24,293837,74826,511,9889,22831,3225
2014-08-25,313137,76509,532,10192,23584,3316
2014-08-26,366420,76897,561,10929,25170,3463
2014-08-27,361545,79087,561,10985,25106,3480
2014-08-28,338891,75626,551,10748,24608,3420
2014-08-29,309983,77575,542,10547,23741,3367
2014-08-30,302204,77198,535,10326,24219,3427
2014-08-31,298479,75242,530,10445,24129,3374
2014-09-01,317458,80756,567,10732,24047,3499
2014-09-02,320850,79412,570,10734,24677,3496
2014-09-03,304887,73497,559,10433,24929,3395
2014-09-04,302862,72528,556,10309,24458,3378
2014-09-05,301420,72505,556,10513,24236,3401
2014-09-06,310329,75771,547,10522,24939,3474
2014-09-07,319383,70992,526,10296,24032,3392
2014-09-08,309958,74025,550,10438,25433,3405
2014-09-09,298387,78473,556,10266,26342,3382
2014-09-10,297350,71109,553,10167,24706,3340
2014-09-11,300254,70458,557,10331,25254,3405
2014-09-12,288600,75269,564,10353,26437,3451
2014-09-13,282391,75507,541,10240,25439,3464
2014-09-14,282850,71783,519,9911,24947,3338
2014-09-15,271908,71784,542,10076,24982,3343
2014-09-16,256820,69469,543,10204,24941,3370
2014-09-17,252775,66273,537,9972,24357,3272
2014-09-18,243154,68121,528,9850,23448,3192
2014-09-19,243320,68800,533,9837,23166,3249
2014-09-20,245783,64358,512,9893,23674,3299
2014-09-21,242808,66565,497,9740,23505,3244
2014-09-22,230870,68152,515,9590,22234,3193
2014-09-23,230191,68697,521,9780,23097,3191
2014-09-24,222141,69938,519,9728,22826,3150
2014-09-25,219391,68100,519,9739,22883,3148
2014-09-26,234233,67226,523,9805,22667,3212
2014-09-27,247483,68717,505,9664,23219,3225
2014-09-28,236870,66285,489,9509,21955,3138
2014-09-29,231337,65725,513,9456,22333,3160
2014-09-30,217804,69721,517,9602,22248,3146
2014-10-01,238029,69947,534,10011,23271,3260
2014-10-02,254450,68245,545,10214,24564,3313
2014-10-03,257975,72441,549,10207,24318,3345
2014-10-04,251991,67787,516,9736,23646,3281
2014-10-05,214645,54941,483,9195,22319,3103
2014-10-06,211741,62599,510,9283,22398,3116
2014-10-07,222875,66187,527,9688,22310,3202
2014-10-08,235262,69359,537,9891,24257,3233
2014-10-09,229250,68501,515,9481,22878,3051
2014-10-10,223025,65999,510,9450,22180,3052
2014-10-11,210695,64540,485,9181,21596,3028
2014-10-12,191183,63382,469,9061,21291,2925
2014-10-13,152462,61541,496,8913,21258,2867
2014-10-14,162191,62438,497,8902,20818,2904
2014-10-15,190375,64512,520,9508,21781,3080
2014-10-16,209754,68838,528,9597,22665,3129
2014-10-17,216704,67913,530,9545,23023,3165
2014-10-18,222120,65996,510,9531,23101,3205
2014-10-19,237312,65368,494,9639,23118,3179
2014-10-20,244083,66326,530,9793,23023,3228
2014-10-21,239716,67258,540,9914,22287,3305
2014-10-22,269750,66935,536,10088,23029,3269
2014-10-23,224812,64332,527,9846,23216,3166
2014-10-24,230662,66572,538,9962,22959,3243
2014-10-25,224420,66952,512,9707,22518,3283
2014-10-26,226655,54791,492,9490,21733,3156
2014-10-27,206245,59907,510,9286,21453,3090
2014-10-28,192437,65795,518,9320,21496,3105
2014-10-29,195254,67277,519,9390,22084,3107
2014-10-30,188741,68326,518,9459,21081,3142
2014-10-31,193387,69219,515,9377,21462,3121
2014-11-01,206504,67942,493,9378,21695,3119
2014-11-02,187429,62311,459,8924,20371,2932
2014-11-03,168933,59316,492,9105,21097,2929
2014-11-04,134216,55557,481,8700,19519,2804
2014-11-05,145412,52109,477,8536,18834,2765
2014-11-06,131266,58487,491,8610,19437,2831
2014-11-07,135825,63602,496,8879,19745,2908
2014-11-08,159508,62814,479,8619,18931,2922
2014-11-09,143958,54235,450,8356,19049,2765
2014-11-10,119404,59465,485,8614,18917,2803
2014-11-11,143975,64413,490,8675,19875,2834
2014-11-12,150300,62146,492,8627,19504,2855
2014-11-13,160495,54249,501,8962,19732,2927
2014-11-14,147979,60725,496,8680,19725,2873
2014-11-15,146291,59748,476,8448,19635,2869
2014-11-16,146075,50335,460,8326,19132,2799
2014-11-17,134916,58148,486,8523,18721,2773
2014-11-18,137270,63678,491,8632,19391,2808
2014-11-19,146745,62362,501,8693,20250,2851
2014-11-20,143437,62282,503,8640,19950,2879
2014-11-21,148916,66152,502,8694,20627,2929
2014-11-22,155295,65571,483,8720,20433,2970
2014-11-23,152158,60651,463,8574,19027,2836
2014-11-24,143745,58932,489,8648,18854,2852
2014-11-25,135862,60738,488,8586,18474,2825
2014-11-26,130645,58968,488,8517,18083,2773
2014-11-27,132120,59495,489,8432,17897,2762
2014-11-28,131629,62449,491,8603,18264,2807
2014-11-29,138341,60989,469,8376,17337,2849
2014-11-30,136820,60004,460,8204,18255,2816
2014-12-01,132329,60783,482,8410,18292,2805
2014-12-02,129466,62117,469,8426,17495,2794
2014-12-03,124579,61405,486,8396,17017,2785
2014-12-04,127437,61674,488,8407,16627,2789
2014-12-05,126400,60220,497,8376,16954,2851
2014-12-06,130962,60405,479,8290,16453,2878
2014-12-07,131579,57585,466,8043,16399,2780
2014-12-08,126950,61547,480,8330,16227,2797
2014-12-09,116904,62286,497,8240,16155,2829
2014-12-10,127312,63541,502,8287,16781,2819
2014-12-11,129741,62944,501,8357,16838,2830
2014-12-12,129116,63851,515,8539,17527,2891
2014-12-13,132658,52174,494,8539,17311,2962
2014-12-14,124595,48810,478,8317,16853,2873
2014-12-15,127075,58928,503,8306,17305,2834
2014-12-16,129950,63635,513,8620,16548,2926
2014-12-17,129854,63261,510,8567,17728,2902
2014-12-18,133033,60485,510,8482,17160,2911
2014-12-19,126141,63928,519,8471,17294,2941
2014-12-20,130337,62442,499,8516,16991,2984
2014-12-21,136545,60819,484,8566,17035,2915
2014-12-22,134741,62753,515,8646,18042,2954
2014-12-23,132629,61751,528,8775,18516,3006
2014-12-24,117475,47217,486,7963,16518,2730
2014-12-25,92087,22165,321,5093,9761,1547
2014-12-26,127591,55346,501,8420,17170,2919
2014-12-27,131491,58990,491,8462,17203,2927
2014-12-28,136337,58040,480,8501,17241,2874
2014-12-29,129545,63239,509,8403,17173,2876
2014-12-30,121012,64522,520,8383,17277,2915
2014-12-31,114533,55002,486,7316,15365,2655
2015-01-01,27800,7775,86,1219,2218,399
