Waktu,ClusterWd1,ClusterWd2,ClusterWd3,ClusterWd4,ClusterWd5,ClusterWd6
2011-01-03,0.0,71520.1215278,784.561220819,9567.73010078,25025.1363703,3244.5999954
2011-01-04,0.0,73953.6458333,794.187802122,9717.40768137,25415.072608,3277.97063387
2011-01-05,0.0,74108.9236111,798.761523565,9751.54523453,25755.7404541,3291.81632755
2011-01-06,0.0,74239.9305556,809.752298602,10067.3671334,26125.3501401,3226.46215389
2011-01-07,0.0,73475.7291667,799.522395553,9703.70684579,26470.9568038,3293.62577135
2011-01-10,0.0,72663.0555556,779.012172993,9629.35536235,25255.2244582,3200.71511773
2011-01-11,0.0,73304.3402778,792.310262665,9726.01947041,25928.718856,3239.25362262
2011-01-12,0.0,72841.0590278,783.723185987,9403.67618961,25674.7014595,3185.54060319
2011-01-13,0.0,71290.5555556,779.834875752,9312.91265286,25005.4087424,3164.21992564
2011-01-14,0.0,70990.8680556,787.73539121,9455.0749792,25438.845275,3213.55649695
2011-01-17,0.0,71438.1770833,785.752893979,9473.78581738,26021.0821171,3227.071416
2011-01-18,0.0,72145.1388889,791.713596196,9494.26606177,25674.6646027,3248.48927182
2011-01-19,0.0,70968.6979167,778.635508145,9353.78980157,25461.6873065,3176.7933139
2011-01-20,0.0,70817.3263889,771.213956387,9349.59724056,26107.354784,3141.66050645
2011-01-21,0.0,67733.3506944,771.774353965,9131.72233954,24638.1210379,3137.27030804
2011-01-24,0.0,67544.4791667,774.809276527,9199.61686976,23629.9756745,3099.59426605
2011-01-25,0.0,69757.2395833,777.94861772,9523.18271198,23761.996904,3116.86153181
2011-01-26,0.0,68272.7604167,771.568870631,9296.41418966,23794.7442135,3105.29802747
2011-01-27,0.0,70450.5034722,783.144928615,9296.66599391,23846.9703671,3133.81346806
2011-01-28,0.0,70849.5833333,792.58207188,9410.12654174,24522.5932478,3142.54551331
2011-01-31,0.0,67455.1388889,776.079739397,9021.48844097,23692.3558897,3089.71112195
2011-02-01,0.0,67998.1423611,783.985435984,9228.32597733,23715.9166298,3119.38844465
2011-02-02,0.0,67443.5069444,782.333352408,9361.34359015,23756.0998083,3112.42724824
2011-02-03,0.0,67882.65625,777.450744618,9456.09593125,24175.0423854,3126.12171269
2011-02-04,0.0,66839.3229167,786.696419051,9523.31003801,25434.1828837,3196.4937593
2011-02-07,0.0,64558.6111111,769.747439868,9152.11396729,24465.0044228,3157.87717562
2011-02-08,0.0,66405.8333333,783.767155642,9437.71138119,24190.7526168,3172.70423247
2011-02-09,0.0,68006.5277778,785.347072451,9438.91303787,24645.6766917,3158.97547945
2011-02-10,0.0,67935.8159722,776.140926918,9534.80645793,24218.5611087,3154.5782039
2011-02-11,0.0,69338.7326389,785.08375953,9722.59546459,24665.2937491,3232.67780785
2011-02-14,0.0,70256.1979167,790.047149587,9538.08903566,24940.0339083,3193.12977097
2011-02-15,0.0,68175.5729167,775.500156151,9389.23507035,25169.4770013,3162.24589441
2011-02-16,0.0,68103.2465278,772.617242544,9242.24017043,24922.3518355,3156.38569181
2011-02-17,0.0,68624.5138889,776.097935911,9415.32169036,25657.4432405,3119.84036124
2011-02-18,0.0,71536.4756944,792.036622396,9544.66459134,25891.9910069,3219.23337343
2011-02-21,0.0,72817.7777778,783.190809234,9756.35614248,25252.7181925,3239.93669053
2011-02-22,0.0,73063.7847222,789.83242101,9760.74617018,25890.1205219,3255.0656787
2011-02-23,0.0,71687.0486111,767.999031471,9321.3896746,25941.1764706,3167.65549261
2011-02-24,0.0,71549.3923611,772.028716509,9337.34573893,25763.5448916,3193.781153
2011-02-25,0.0,72574.1493056,785.426811914,9300.56366732,25594.7036709,3261.66669453
2011-02-28,0.0,66796.8055556,748.275505547,9166.01793679,23971.878225,3071.48329638
2011-03-01,0.0,67587.6215278,748.690247757,8845.26480281,23824.9207578,3053.76620199
2011-03-02,0.0,66706.1631944,744.047165918,8924.34892329,23327.4730945,3018.39176012
2011-03-03,0.0,67373.7673611,750.986236754,8892.99246267,23681.2343358,3048.60342405
2011-03-04,0.0,68916.5798611,758.702839677,8918.32625846,23816.7108949,3087.70027297
2011-03-07,0.0,70396.3715278,761.963849166,9133.8996611,25012.1627598,3146.21356897
2011-03-08,0.0,70402.9166667,765.933987389,8974.21224121,24198.538626,3149.88434898
2011-03-09,0.0,70124.9826389,758.549304127,9142.53778119,24129.3583223,3098.94013857
2011-03-10,0.0,72999.7916667,755.841982837,9226.95401691,24228.1715318,3122.27709036
2011-03-11,0.0,72750.2951389,763.942183155,9236.68995404,24224.2462775,3152.91368564
2011-03-14,0.0,70633.0208333,756.75832377,9122.08647189,23871.3788147,3092.4609442
2011-03-15,0.0,72345.7465278,765.825869649,9087.43512029,23827.2888103,3161.79537194
2011-03-16,0.0,70041.9618056,751.909649677,9102.53299432,23965.7876308,3091.45462879
2011-03-17,0.0,70626.5104167,753.502103962,9238.12311478,24000.2395695,3083.52433794
2011-03-18,0.0,73123.8020833,761.435380516,9223.34092889,24592.8331859,3144.37549327
2011-03-21,0.0,75036.8923611,757.566519606,9446.26269877,24669.2558602,3162.91996433
2011-03-22,0.0,75866.6666667,767.850603263,9505.93776755,24823.9440513,3159.32521907
2011-03-23,0.0,72796.2326389,744.601302186,9201.49392128,24784.7652219,3057.32771762
2011-03-24,0.0,75694.2361111,757.168548362,9308.6926688,25787.7782692,3094.96583997
2011-03-25,0.0,76288.3159722,776.323257073,9412.86361403,26372.2910217,3159.33919561
2011-03-28,0.0,74867.6909722,765.108647537,9478.25434733,25536.0644258,3141.91002098
2011-03-29,0.0,74629.2881944,767.29293739,9438.04200716,25098.1774289,3133.60440436
2011-03-30,0.0,75226.875,765.694984317,9472.17599504,25555.3221289,3118.20141892
2011-03-31,0.0,75896.40625,773.627884533,9398.00785647,26287.8151261,3193.46329754
2011-04-01,0.0,77264.7743056,793.324619249,9511.54451643,27595.1643815,3311.27098914
2011-04-04,0.0,75116.1979167,754.515724746,9329.294454,24841.1101283,3132.04433082
2011-04-05,0.0,79177.6388889,788.477738933,9499.87296307,27918.6200796,3271.01262237
2011-04-06,0.0,78103.0902778,811.13806443,9786.18386212,29523.1553148,3373.61367549
2011-04-07,0.0,81038.8888889,816.414204308,9944.22901695,30370.9457467,3376.44453217
2011-04-08,0.0,80865.9722222,834.767624197,10281.3781356,30096.2977296,3444.78862894
2011-04-11,0.0,75242.3090278,797.2236006,9962.86669298,28583.8309008,3336.62181814
2011-04-12,0.0,73505.5208333,808.806377578,9766.23866706,29521.211116,3383.32046053
2011-04-13,0.0,75798.9930556,815.597351813,9866.96390901,29841.2667699,3423.78202575
2011-04-14,0.0,77155.2430556,811.594119,10118.8929059,29804.2164234,3409.04593222
2011-04-15,0.0,79833.1597222,816.799226461,10206.791671,29559.0630989,3416.48997975
2011-04-18,0.0,76811.1458333,805.08139618,9896.06621591,29551.8391567,3307.16902164
2011-04-19,0.0,78985.5555556,813.023854796,9935.32342032,28999.216792,3312.71274838
2011-04-20,0.0,77231.6319444,798.540915917,9790.83677741,27057.155757,3258.69664017
2011-04-21,0.0,77277.0833333,804.779493438,9817.21959067,27125.5989238,3261.75728716
2011-04-22,0.0,75153.5243056,807.15230218,9873.94273121,26943.4339525,3280.60575932
2011-04-25,0.0,74690.3472222,804.854525208,9950.3005653,27718.2754681,3281.61605649
2011-04-26,0.0,76824.53125,812.594594252,10013.8464695,28677.2814389,3322.63980766
2011-04-27,0.0,76189.6006944,823.00437665,10012.7064639,29620.2731092,3342.69641012
2011-04-28,0.0,76667.7777778,819.370666594,9999.29411966,29812.0116468,3366.58243606
2011-04-29,0.0,77753.8020833,821.019031026,10155.1210872,28833.056907,3381.49124706
2011-05-02,0.0,73707.4652778,789.209739913,9851.76858317,28123.8666519,3248.96092003
2011-05-03,0.0,73352.7083333,787.349094311,9901.78226923,27832.7804806,3227.11620947
2011-05-04,0.0,72853.1423611,783.318377383,9721.60023368,27760.0711337,3189.79065955
2011-05-05,0.0,73825.4861111,786.300886247,9954.39642716,27681.3080495,3235.70736116
2011-05-06,0.0,75332.1701389,801.080167332,9934.51057396,27930.6999115,3305.72702068
2011-05-09,0.0,75610.4340278,791.818708597,10138.497476,27350.9048356,3311.31148989
2011-05-10,0.0,79125.0694444,838.838849014,10500.9652693,28826.2568185,3440.08274892
2011-05-11,0.0,80536.8229167,842.831354056,10430.3757016,30329.7305764,3462.09280084
2011-05-12,0.0,81412.2569444,860.752558857,10574.4734324,30441.5726817,3508.84599967
2011-05-13,0.0,82027.9340278,882.775353291,10892.0068297,31619.3609023,3600.28865104
2011-05-16,0.0,78814.8784722,850.741298915,10754.1539273,30591.6353383,3482.87036782
2011-05-17,0.0,79834.3229167,854.124823237,10610.1509187,30292.4222321,3508.17519093
2011-05-18,0.0,79340.0173611,831.111551777,10140.4506783,29842.3540469,3411.65955983
2011-05-19,0.0,78340.7465278,838.955405227,10145.2753275,30137.6326847,3448.75250057
2011-05-20,0.0,80630.0868056,864.551968828,10386.6739052,30776.1499337,3546.07735095
2011-05-23,0.0,82504.5138889,865.164212314,11061.7348598,30162.1056317,3594.68430975
2011-05-24,0.0,83057.7951389,903.603960732,11371.7598126,31761.9692614,3683.54202221
2011-05-25,0.0,85198.7673611,903.974867662,11018.2966437,32625.4699248,3669.41337368
2011-05-26,0.0,82223.5416667,866.538482417,10638.0002973,30632.6662244,3533.2019722
2011-05-27,0.0,82605.4340278,891.571362576,11176.6302295,31806.2804069,3635.21946021
2011-05-30,0.0,78513.1423611,847.061994048,10245.8114863,29934.0538847,3482.85451584
2011-05-31,0.0,80989.8958333,842.733047982,10438.7360321,30123.1018723,3456.63758677
2011-06-01,0.0,78483.5590278,853.293616561,10455.8331197,30607.6404246,3475.12562574
2011-06-02,0.0,77531.9791667,838.618689684,10261.398761,29783.5765885,3441.86999243
2011-06-03,0.0,81366.7013889,874.775040794,10673.9452548,30651.0485773,3541.74879149
2011-06-06,0.0,79104.3402778,843.523909675,10292.4177533,29117.048135,3419.01853161
2011-06-07,0.0,75133.1597222,810.594257862,10076.7404661,27956.3799204,3316.09866647
2011-06-08,0.0,74812.9861111,793.977399726,9878.84861717,27636.5638361,3272.94509441
2011-06-09,0.0,74307.65625,800.95018423,9856.07540761,27900.3206546,3282.59906914
2011-06-10,0.0,77274.6006944,842.285201263,10389.7474952,28548.1811146,3379.91558292
2011-06-13,0.0,78870.9375,837.744542925,10560.467926,29466.3128409,3409.84003588
2011-06-14,0.0,79810.7291667,853.104533617,10697.9176198,29575.8329648,3439.05742303
2011-06-15,0.0,80376.6666667,855.444720789,10759.3258433,28609.916335,3440.75280599
2011-06-16,0.0,79725.1736111,844.666107314,10617.9922265,28674.2223205,3388.6250949
2011-06-17,0.0,79188.6805556,852.688832358,10762.0461583,28778.2139171,3410.17920396
2011-06-20,0.0,82454.9131944,871.414519031,11475.8625699,28848.3340705,3533.81422766
2011-06-21,0.0,85572.5,895.487256651,11634.0769247,29234.3911249,3595.03170605
2011-06-22,0.0,81433.28125,874.528491548,11308.8765585,29052.5210084,3496.50203508
2011-06-23,0.0,80755.2777778,861.145629539,11030.1927641,28713.5946484,3457.04713607
2011-06-24,0.0,87523.5763889,904.048271647,11212.1654704,30488.8231608,3629.44491604
2011-06-27,0.0,89597.7604167,919.192537785,11889.8353035,31337.9127967,3668.66338663
2011-06-28,0.0,85656.4930556,892.391870048,11256.6181186,30633.0900781,3595.61585866
2011-06-29,0.0,85480.6944444,885.864655978,11103.9429115,30347.8641457,3559.40468507
2011-06-30,0.0,85967.0138889,902.796018023,11433.1470734,30962.9865104,3674.89221677
2011-07-01,0.0,88027.5520833,927.389111255,11453.3911889,32061.3113667,3801.91932444
2011-07-04,0.0,77605.9548611,853.457237163,10759.4578981,29402.7255639,3534.77826205
2011-07-05,0.0,82070.7638889,873.41745502,11403.9520878,30088.3090078,3595.0592124
2011-07-06,0.0,78130.625,864.160281399,10894.0280582,29913.3864072,3541.08281245
2011-07-07,0.0,72809.1840278,829.601421984,10639.3628502,29376.2254902,3408.30083944
2011-07-08,0.0,74642.6215278,847.146453355,10878.7785569,29880.4916704,3469.02635498
2011-07-11,0.0,80342.1006944,856.536501069,11003.6347851,29994.959826,3475.55112786
2011-07-12,0.0,78194.4097222,852.953776734,10776.4490376,30250.7739938,3484.234512
2011-07-13,0.0,78847.1354167,849.418484463,10663.855236,29954.4910069,3431.76907721
2011-07-14,0.0,81191.2673611,878.702428307,10964.3097845,31532.249742,3548.37790015
2011-07-15,0.0,80053.2118056,901.139731461,11547.5988756,31193.627451,3683.33693388
2011-07-18,0.0,76081.0416667,835.718946495,10491.9921656,29294.8639982,3393.85856418
2011-07-19,0.0,78846.4236111,852.967615731,10551.4673518,29726.2918325,3455.78750228
2011-07-20,0.0,80974.9652778,867.795589449,10765.7190563,30774.6756597,3464.54012496
2011-07-21,0.0,81044.0451389,871.109557139,11074.8374113,30650.2285125,3473.74974888
2011-07-22,0.0,79475.8854167,874.277964008,11095.2880251,30636.8679051,3538.31808822
2011-07-25,0.0,86831.5451389,914.53556109,11518.632479,31559.9292349,3693.00304267
2011-07-26,0.0,88401.40625,918.808079121,11666.1672862,32148.164529,3779.64953786
2011-07-27,0.0,87545.0,924.687844171,11640.646652,32713.7881468,3787.80764435
2011-07-28,0.0,89154.6354167,948.873616313,11911.720244,33781.8258883,3849.35534096
2011-07-29,0.0,89421.1805556,934.874247452,11668.7027549,32433.2153914,3796.0286275
2011-08-01,0.0,80943.59375,855.82125728,10513.7273853,30255.3073861,3515.45010145
2011-08-02,0.0,79761.6493056,867.391532304,10620.2988377,30984.308197,3553.20593709
2011-08-03,0.0,84849.6701389,881.004622441,10533.6169644,31260.4397022,3582.88849268
2011-08-04,0.0,85825.3819444,895.079532537,11283.8047724,31852.0105411,3621.42810352
2011-08-05,0.0,84277.6909722,903.276390028,11383.55262,32464.1290727,3685.80408686
2011-08-08,0.0,84060.1909722,875.496654873,11237.2278153,31248.8297951,3566.39785849
2011-08-09,0.0,87178.3159722,912.342684308,12014.0592175,32532.2681704,3753.72212931
2011-08-10,0.0,88473.1423611,927.141544884,12282.5183718,32365.5370043,3826.95733764
2011-08-11,0.0,89584.2534722,927.207094448,12323.1078639,31580.3295002,3826.91574178
2011-08-12,0.0,89327.5173611,924.219255009,12150.8617517,31843.7453929,3816.4389053
2011-08-15,0.0,86276.9618056,935.689151411,11965.6116583,32262.7524694,3847.47039371
2011-08-16,0.0,86440.78125,893.074798871,11542.0832917,30111.3353236,3664.75189687
2011-08-17,0.0,83395.0347222,872.769276655,11087.247059,29451.6161728,3600.17283933
2011-08-18,0.0,84818.8020833,872.169072744,10974.6600952,29766.2815126,3587.06668708
2011-08-19,0.0,89845.5729167,926.950257378,11545.023414,31455.1083591,3799.92625259
2011-08-22,0.0,82899.1666667,892.054402178,11241.1197013,30611.2892525,3639.21030859
2011-08-23,0.0,79071.9618056,883.086871252,10969.0306602,29749.8065015,3586.17509216
2011-08-24,0.0,80063.0208333,851.938776732,10636.6299843,29096.316158,3498.05812067
2011-08-25,0.0,77935.3298611,852.162326355,10791.0095621,29124.4563615,3393.30370187
2011-08-26,0.0,75863.5069444,842.701766396,10648.2457829,29073.059487,3278.12108184
2011-08-29,0.0,77179.1493056,825.770374458,10211.228644,28348.702639,3245.71865186
2011-08-30,0.0,80611.6666667,843.752864001,10288.5856095,29244.3240454,3298.91284852
2011-08-31,0.0,76099.6006944,851.898544509,10490.9829155,29303.1844317,3320.8366546
2011-09-01,0.0,75567.9513889,842.452074186,10383.2738751,29185.9427982,3273.08729188
2011-09-02,0.0,74831.1979167,838.523692653,10536.4705959,28121.9869527,3270.34081663
2011-09-05,0.0,77387.4305556,823.470126662,10188.3879438,28302.8803627,3259.8252029
2011-09-06,0.0,82581.2326389,844.953772098,10614.8764587,30686.0349403,3357.15250103
2011-09-07,0.0,81671.0069444,856.632780112,10922.9731057,29801.894442,3379.99620135
2011-09-08,0.0,84918.9236111,885.429869857,11073.0812208,30407.1483857,3516.25793691
2011-09-09,0.0,85159.0451389,884.053971897,10977.9160073,30590.317706,3548.75823511
2011-09-12,0.0,85365.9201389,873.454277711,11056.7792474,30818.8485921,3518.27328439
2011-09-13,0.0,87059.0451389,886.920718526,11226.6953192,31933.7958868,3572.3048558
2011-09-14,0.0,87087.0659722,898.976712122,11344.6639413,31806.3080495,3621.46737289
2011-09-15,0.0,86209.7395833,884.977565143,11366.1523971,30846.6386555,3560.04082028
2011-09-16,0.0,84639.2708333,881.546855222,11146.9135176,30263.3606074,3539.52823727
2011-09-19,0.0,74684.0277778,806.801836549,10345.3687423,28558.980171,3286.16987167
2011-09-20,0.0,78681.3888889,834.128391076,10594.5418798,30126.0688486,3390.71463842
2011-09-21,0.0,77832.2569444,824.128261081,10490.37674,27912.6308418,3287.87162077
2011-09-22,0.0,78436.0416667,817.914607016,10249.8951719,28029.0155536,3307.63905841
2011-09-23,0.0,74744.8263889,817.084848878,10192.0279015,28233.3775616,3336.33330199
2011-09-26,0.0,81137.8125,833.911960303,10447.5587031,29052.7329353,3421.42981383
2011-09-27,0.0,79538.3854167,840.176199214,10592.642475,28942.8258145,3408.14035875
2011-09-28,0.0,78622.1875,846.451134773,10279.0407013,29842.5383311,3467.0427581
2011-09-29,0.0,81467.1875,850.315886892,10523.3118448,29795.591921,3470.2062729
2011-09-30,0.0,82971.40625,861.955717148,10681.007955,30498.783724,3532.94125261
2011-10-03,0.0,83634.7569444,853.959752816,10585.9218144,29585.5263158,3477.71874368
2011-10-04,0.0,83189.2534722,870.06871996,10520.3190246,31257.3252985,3551.47564606
2011-10-05,0.0,83645.6770833,879.905482374,10723.8202347,31314.7574819,3578.06861914
2011-10-06,0.0,82696.8055556,846.241502728,10645.9261562,30122.4108064,3442.85312633
2011-10-07,0.0,78509.2881944,830.337386245,10648.2352229,29437.1037889,3383.84706855
2011-10-10,0.0,78451.1458333,820.875900744,10131.7588429,30089.3041427,3407.30635041
2011-10-11,0.0,81312.5173611,841.279127418,10311.3665905,30084.7891788,3442.7090006
2011-10-12,0.0,79066.4930556,833.578770819,10169.9491045,30280.4621849,3405.52001329
2011-10-13,0.0,80280.6076389,842.103317615,10397.1235834,31307.5427539,3403.18174781
2011-10-14,0.0,81699.0104167,847.07932108,10369.2954279,30395.5384785,3445.9622045
2011-10-17,0.0,79779.1666667,816.729047831,10511.5812737,28852.0381837,3295.51369935
2011-10-18,0.0,78577.2048611,816.470052898,10528.6098502,27026.2789326,3264.88698591
2011-10-19,0.0,74668.6284722,795.249057631,10071.6260862,26384.389282,3157.19173374
2011-10-20,0.0,71687.3958333,784.836233347,9949.88700785,28001.9810556,3150.75061017
2011-10-21,0.0,71101.6840278,778.33009435,9788.36997695,27059.9660917,3139.73112568
2011-10-24,0.0,71836.6840278,763.930463427,9521.38059904,25708.0476928,3076.19325248
2011-10-25,0.0,70760.6944444,764.794504469,9617.55155646,25377.0455551,3005.41862775
2011-10-26,0.0,70235.0520833,769.43566506,9815.64935884,26177.7605779,3088.35346363
2011-10-27,0.0,70650.2430556,761.827538166,9592.16424881,25323.5201976,3032.55976789
2011-10-28,0.0,69865.9201389,757.649858192,9556.5925912,24940.1629073,3017.20443511
2011-10-31,0.0,69140.2430556,769.174690796,9761.77135106,25908.1803774,3099.97629497
2011-11-01,0.0,69908.4895833,772.793781481,9811.30099198,25540.9571723,3087.11582878
2011-11-02,0.0,69121.0590278,768.197058813,9746.23869149,25488.0399528,3073.34455036
2011-11-03,0.0,68729.84375,749.493118584,9393.87831977,24528.8128409,3014.69828601
2011-11-04,0.0,66961.0069444,746.22847931,9274.84358918,24153.7944125,3002.58652955
2011-11-07,0.0,62102.6909722,724.59161117,8928.2595276,23037.0779891,2913.67115802
2011-11-08,0.0,63581.9097222,736.869262761,9084.06159743,22898.4501695,2981.2311055
2011-11-09,0.0,64655.8506944,755.221796915,9350.42528034,23683.3443904,3030.54308561
2011-11-10,0.0,65780.7638889,761.283131923,9476.19827977,23601.9460416,3038.76871488
2011-11-11,0.0,68148.3333333,775.796224635,9712.78340608,25034.682294,3127.70382448
2011-11-14,0.0,65331.7013889,749.989608179,9365.24591123,23449.3126198,3025.68559936
2011-11-15,0.0,65731.9791667,747.572758018,9269.70728201,23223.8500663,2985.45514597
2011-11-16,0.0,65200.5555556,743.065859349,8962.68965889,23026.8409996,2947.81081009
2011-11-17,0.0,63874.4618056,738.242033443,9015.96250119,22823.8242665,2944.8676749
2011-11-18,0.0,66025.2256944,749.696962239,9033.75410055,23101.7156863,2983.42405087
2011-11-21,0.0,64286.4409722,733.552753998,9002.41070006,22727.0566121,2936.03617179
2011-11-22,0.0,63530.3819444,740.133506952,9074.74270812,23071.8984962,2921.01920616
2011-11-23,0.0,64406.2326389,739.1596041,8976.0434038,23240.6752175,2924.84889023
2011-11-24,0.0,64443.5243056,741.421361388,9085.46469579,23179.326994,2953.80683955
2011-11-25,0.0,65984.0625,747.727482527,9262.23262167,23310.8598703,2989.16987355
2011-11-28,0.0,62475.6770833,722.069586257,8802.55382816,22830.4769276,2886.70292116
2011-11-29,0.0,62439.0451389,727.412673651,8770.60592199,23179.0782102,2934.45954549
2011-11-30,0.0,63259.8958333,735.526245092,8849.98247627,22876.1425623,2951.14014334
2011-12-01,0.0,63977.7430556,761.594773287,8889.95533271,23214.8662096,3020.58327776
2011-12-02,0.0,65242.2048611,739.877539655,8903.695399,23645.6398349,2978.72984097
2011-12-05,0.0,63778.6284722,744.736712094,8831.05680409,24143.861492,3012.61479159
2011-12-06,0.0,65357.0659722,748.611677482,8993.08391658,23570.2491523,3004.02858538
2011-12-07,0.0,62755.4340278,739.951582383,8796.59572147,23009.1036415,2967.1015398
2011-12-08,0.0,63651.5104167,760.69052419,9071.10966419,23276.7580716,3035.10513296
2011-12-09,0.0,65366.1979167,745.934082997,9244.31830391,22990.4632906,2988.16979099
2011-12-12,0.0,67735.625,740.305846125,9006.51885712,22849.964986,2980.50463715
2011-12-13,0.0,68939.3576389,753.652944288,9363.27675068,23149.2794486,3055.29505903
2011-12-14,0.0,68935.7291667,746.300436946,9408.11763168,23060.0950907,3034.47587373
2011-12-15,0.0,67139.0277778,744.326947724,9374.46413492,22812.6105705,3010.31848112
2011-12-16,0.0,69285.0520833,761.578297637,9520.31359321,23477.6555359,3088.64344496
2011-12-19,0.0,64048.4895833,737.473574743,9233.54058158,22423.0797582,2975.92023415
2011-12-20,0.0,67363.6805556,752.564420807,9450.6666761,23260.8451275,3048.12019263
2011-12-21,0.0,69005.3125,763.408667473,9706.04306361,23791.4086687,3119.46304476
2011-12-22,0.0,67399.0972222,770.308824656,9627.86362286,23938.5596344,3092.83397359
2011-12-23,0.0,69390.8159722,785.863359386,9587.24408926,24128.3263305,3137.70653603
2011-12-26,0.0,61033.6111111,729.811834832,8934.61071723,21468.1648975,2897.96123216
2011-12-27,0.0,68951.25,758.990898674,9086.90780767,22637.4668288,2958.94511448
2011-12-28,0.0,68036.6319444,757.844173961,8997.39400619,22109.8794781,2991.38812561
2011-12-29,0.0,67836.7534722,751.766715302,9048.86126839,22524.7401592,2976.76292598
2011-12-30,0.0,65764.7048611,769.880237876,9174.19753718,22701.7451718,3027.063418
2012-01-02,145600.0,62880.8159722,590.655774729,8909.60322653,17883.9079093,3097.6584661
2012-01-03,143541.666667,63211.7708333,598.538691148,8803.40039138,18505.3219055,3100.09868606
2012-01-04,142541.666667,63337.9861111,601.269935759,8872.03939573,18953.1080375,3103.14492662
2012-01-05,144941.666667,64553.6805556,593.670383252,8914.4828821,18715.9723339,3081.84491669
2012-01-06,143529.166667,64526.1979167,596.797947347,9048.91013211,18794.7164312,3118.91668984
2012-01-09,138608.333333,60152.1701389,583.187804017,8675.24699161,17884.1759591,3002.59357911
2012-01-10,141912.5,61810.7118056,589.265765891,8701.17034857,18173.8256906,3052.00996112
2012-01-11,142554.166667,61358.1944444,589.991974186,8788.24807133,18055.7532423,3045.62587276
2012-01-12,142041.666667,61486.9097222,594.151784895,8675.09357499,18165.6198763,3012.921369
2012-01-13,144133.333333,62420.8506944,596.101142546,8875.37753636,18313.1442968,3100.74098938
2012-01-16,139500.0,61554.0104167,590.279830561,8641.30035843,18724.3888185,3018.42050656
2012-01-17,140245.833333,62041.9618056,594.81904456,8774.59970678,17882.0397976,3048.93102115
2012-01-18,140912.5,60514.4097222,591.429228754,8714.49281616,18003.1005823,3032.3205394
2012-01-19,142550.0,60885.6423611,590.776666365,8766.1387043,17895.4912906,3018.21168144
2012-01-20,143054.166667,64379.2361111,594.619346103,8848.32376056,18798.9881958,3087.67661942
2012-01-23,142775.0,62036.3541667,579.039809648,8529.36916616,18517.1052073,2979.30482284
2012-01-24,139491.666667,63782.7777778,576.813437907,8590.81695386,18398.9998112,3007.3891172
2012-01-25,140225.0,62971.5798611,576.84003618,8665.3546939,18499.4803743,3001.85084113
2012-01-26,141533.333333,61920.6423611,585.75900032,8659.19494434,18373.5702614,3042.24061796
2012-01-27,138345.833333,61633.5763889,591.46386165,8671.80822137,18455.8112918,3032.74841921
2012-01-30,149341.666667,61563.28125,579.866695936,8380.95439184,18240.8575472,2926.12041998
2012-01-31,140937.5,60402.6041667,586.36290422,8605.90739494,17717.9270033,2984.5990744
2012-02-01,142566.666667,62353.2638889,592.430550814,8585.08830283,17815.9489075,2984.53390875
2012-02-02,136950.0,60716.8402778,591.926934846,8617.97380878,17794.8317485,2993.46663706
2012-02-03,136862.5,59563.7152778,607.851045856,8499.72024206,17720.8378567,3014.74468524
2012-02-06,134933.333333,61245.0868056,592.324349085,8639.37613138,17787.0453205,3022.63699018
2012-02-07,140091.666667,60811.0416667,593.487505748,8769.8176167,17647.2736822,3038.79038297
2012-02-08,138320.833333,59955.2951389,590.158789509,8589.18024499,17641.3359602,2978.59918775
2012-02-09,137770.833333,59840.2951389,586.662081625,8554.25852795,17860.7532925,2960.98492092
2012-02-10,135850.0,62608.7847222,596.169746157,8672.1537905,18301.5300618,3023.18873694
2012-02-13,138420.833333,58176.25,585.148600464,8425.87590087,17964.7069155,2925.04804816
2012-02-14,135704.166667,60999.4444444,592.997509787,8590.91835957,18211.4868276,3006.39084986
2012-02-15,138241.666667,59640.5729167,580.747335288,8582.8529521,18045.564418,2939.90744389
2012-02-16,136312.5,60380.9201389,579.423033335,8510.45805141,17932.6777561,2936.84571451
2012-02-17,136258.333333,61754.9305556,581.105439851,8596.29569869,19204.9193282,3012.82483366
2012-02-20,131554.166667,62313.9236111,562.984357716,8415.38413611,18009.4554568,2976.64572641
2012-02-21,137800.0,62485.3819444,547.343812511,8449.66673806,18112.4322337,2918.45436665
2012-02-22,140433.333333,61607.4479167,568.398670287,8524.84426029,18177.8106976,2966.04051797
2012-02-23,136879.166667,62941.7013889,569.469601011,8508.00194216,17858.4093925,2963.13706984
2012-02-24,140237.5,65183.6805556,569.414837044,8519.44373514,17983.5885112,3017.29855538
2012-02-27,143037.5,62229.2013889,560.104071289,8484.24106448,18598.600445,2955.09487017
2012-02-28,138429.166667,64254.6180556,565.043979829,8586.46064533,18101.7441666,2967.56970068
2012-02-29,139625.0,63139.3229167,562.127955673,8511.6687093,17941.8188129,2976.75841644
2012-03-01,138291.666667,63249.4965278,564.53685715,8622.40398444,18086.5340155,2963.69446586
2012-03-02,138758.333333,63984.0451389,567.93931225,8755.73752161,18147.9937868,3030.13792328
2012-03-05,144495.833333,61799.7222222,556.546067404,8524.51918073,18779.5826465,2917.5015114
2012-03-06,146395.833333,62443.3680556,558.410546493,8700.73769637,18079.8710234,2937.30506654
2012-03-07,144737.5,62121.0243056,558.23287574,8703.87278848,18854.64427,2964.90271082
2012-03-08,150091.666667,63535.625,559.658124944,8698.35353242,18709.3618348,3012.83339138
2012-03-09,143716.666667,63705.9722222,558.265507359,8743.64272492,19130.0178365,3049.34725036
2012-03-12,149033.333333,66079.3229167,540.473428429,8512.14204016,19310.9321879,2942.82258334
2012-03-13,157504.166667,65439.8090278,543.442262393,8577.72143789,19367.9125957,2968.89503116
2012-03-14,146241.666667,64210.0694444,545.750978515,8685.1725578,19497.1666298,2995.16111639
2012-03-15,146400.0,62152.9513889,547.188225237,8703.54069617,19607.2224344,2971.55568532
2012-03-16,147875.0,63208.5069444,553.662694355,8734.80578882,19567.6170987,3003.03352179
2012-03-19,139720.833333,58168.6111111,531.657846479,8267.3871922,18791.0888239,2828.64163612
2012-03-20,144604.166667,59180.2430556,535.733992903,8237.73316613,19121.455181,2861.91872677
2012-03-21,142520.833333,59216.0763889,533.732548288,8254.08551286,18976.9883432,2860.25804668
2012-03-22,143462.5,59831.8055556,536.641185319,8350.25952527,18860.8635839,2872.69844986
2012-03-23,150783.333333,61919.6701389,548.834241435,8631.27971169,19247.1482014,2992.18438581
2012-03-26,154745.833333,63525.2430556,549.384156352,8631.8412707,19226.1170417,3022.8873909
2012-03-27,155829.166667,62865.2256944,552.42173097,8784.75159211,19825.4211174,3075.91451734
2012-03-28,155912.5,63292.0486111,547.752816564,8698.95224598,20420.643716,3070.14010218
2012-03-29,153679.166667,63321.40625,550.740006291,8707.85834786,20567.1107358,3062.26664948
2012-03-30,146533.333333,65884.3402778,559.331634746,8913.25775258,20646.5760547,3081.03757141
2012-04-02,149345.833333,62315.6770833,540.554466041,8695.83885948,19430.7630149,2980.65425069
2012-04-03,151016.666667,60862.5868056,540.94794506,8674.48045746,19323.2980792,2985.54767753
2012-04-04,148070.833333,61463.0208333,534.428060946,8629.79658924,18722.1366417,2948.30408047
2012-04-05,147645.833333,60914.4791667,533.460062798,8638.43255995,18343.8958917,2933.25192573
2012-04-06,150508.333333,61618.5416667,532.343700138,8590.62889636,18781.5997212,2951.69835496
2012-04-09,162700.0,61237.6041667,511.789139077,8521.17785342,19341.981709,2861.73980728
2012-04-10,155904.166667,63236.8055556,527.721800416,8616.35803624,19285.8920083,2906.01269591
2012-04-11,152358.333333,60755.8680556,528.400549638,8475.8825652,19151.3858733,2883.86599112
2012-04-12,151625.0,59978.9930556,522.493503326,8389.99376255,17510.5378475,2872.70068323
2012-04-13,151279.166667,61218.6111111,532.862650062,8572.45260293,19357.6567589,2900.54646074
2012-04-16,147300.0,56931.1284722,515.809761562,8311.30023172,18416.2232676,2791.47820081
2012-04-17,151129.166667,58495.3472222,536.007673558,8580.89513549,18940.6692701,2880.27677805
2012-04-18,146250.0,58088.4201389,536.84342747,8466.94246395,17793.0682042,2878.9718852
2012-04-19,154183.333333,59357.34375,534.717847923,8435.9200482,17696.7964419,2862.8926139
2012-04-20,148875.0,61808.59375,545.951172873,8687.72439937,19013.4330646,2936.618292
2012-04-23,152945.833333,60901.5104167,531.671299209,8511.09969792,19337.9577509,2866.30203283
2012-04-24,153266.666667,61684.1493056,532.695693352,8551.50028434,19279.810768,2886.76610152
2012-04-25,152558.333333,59923.8715278,520.366725286,8797.62871053,19518.6048901,2930.95008546
2012-04-26,155537.5,59969.5659722,528.105442121,8559.98553486,19542.9880684,2848.39715855
2012-04-27,150408.333333,61337.5868056,530.417778341,8558.08975114,19750.6751504,2898.71835949
2012-04-30,156170.833333,57559.1145833,520.219084485,8375.62630189,18973.625435,2842.89803173
2012-05-01,150025.0,59005.2083333,514.231144959,8453.57722679,18951.5511149,2932.6536519
2012-05-02,156620.833333,58815.6076389,538.07127801,8476.78321595,18958.1645457,2891.92423525
2012-05-03,161129.166667,59772.8819444,543.939861112,8631.88376031,19852.9101832,2925.07945415
2012-05-04,155920.833333,61326.6666667,547.252319793,8700.85901711,19569.1752778,2958.6285144
2012-05-07,162583.333333,61521.8229167,543.335553381,8651.17995841,20219.9672532,2945.20090972
2012-05-08,181095.833333,67086.8923611,555.568819511,8887.55018165,20736.450222,3027.07919769
2012-05-09,237375.0,68899.8784722,560.485201229,9044.45958417,21245.6764404,3106.51061001
2012-05-10,244250.0,71270.3819444,572.207944395,9560.56952165,22421.0779009,3238.42069061
2012-05-11,245862.5,71980.2083333,582.80618913,9735.64274855,23706.6890153,3293.72614292
2012-05-14,317208.333333,71115.9895833,576.449445865,9827.84917274,23473.3867032,3252.13382043
2012-05-15,322820.833333,72104.8263889,591.917171617,10077.4200061,23917.8943906,3339.26492788
2012-05-16,296775.0,72775.1215278,604.159906696,10339.2028246,25796.6838051,3459.02388733
2012-05-17,265645.833333,69157.5520833,575.241811329,9713.90462171,24508.3332775,3246.16419024
2012-05-18,211608.333333,67635.3125,565.447305912,9595.5955427,23393.5373192,3220.84617351
2012-05-21,187508.333333,61516.3368056,534.019050561,8806.28021365,21449.3424962,2910.66342325
2012-05-22,204325.0,66742.9861111,556.174372981,9183.42727002,22170.1663919,3073.5344328
2012-05-23,239091.666667,68630.8159722,567.251090723,9473.29565714,24068.4796048,3199.11527225
2012-05-24,236333.333333,71578.7847222,580.405216197,9624.85915676,24584.3457798,3271.79801172
2012-05-25,221908.333333,67383.8715278,566.310332337,9427.08183086,23465.8015918,3175.62913138
2012-05-28,242087.5,66909.5833333,548.357770568,9421.67760616,22053.3297649,3082.29002781
2012-05-29,247104.166667,69337.3784722,559.811112921,9397.45889148,23366.5892394,3151.63421101
2012-05-30,276404.166667,71534.2013889,575.07032896,9776.66329336,23428.0946629,3266.61197689
2012-05-31,278037.5,75516.5625,610.868785154,10414.0726895,24648.6382232,3519.37052554
2012-06-01,256637.5,77679.3055556,624.806141664,10542.8586995,25527.9553608,3609.091761
2012-06-04,279820.833333,69280.0520833,585.0387789,10084.8120869,24445.8493326,3344.73358057
2012-06-05,284395.833333,72309.4791667,599.508534566,10187.4793602,24953.3759477,3427.67596927
2012-06-06,290854.166667,69923.1597222,597.941400682,10233.6568874,25891.1336664,3352.62013902
2012-06-07,270679.166667,68161.8402778,567.334299323,9984.92274137,24776.2490562,3277.48425742
2012-06-08,233475.0,67707.5868056,566.007648848,9496.98106188,24541.1653298,3198.12166237
2012-06-11,236583.333333,64973.2291667,563.30583758,9438.67754656,24475.2539772,3124.08051355
2012-06-12,231887.5,64311.9270833,563.1160608,9383.17656774,24012.0587509,3122.5568689
2012-06-13,256383.333333,64106.3715278,548.269518574,9465.79082245,24335.9342541,3089.3861181
2012-06-14,266429.166667,65107.2222222,567.152162012,9519.98705462,25071.4927917,3148.73780684
2012-06-15,272500.0,67420.5381944,579.516702958,9799.90168589,25572.3520868,3281.03499991
2012-06-18,269104.166667,65609.7743056,565.680273532,9613.64577454,25415.2194769,3119.33156268
2012-06-19,237354.166667,65376.6666667,568.000491535,9552.15017861,24255.7893173,3156.03426566
2012-06-20,219320.833333,65527.7430556,566.768710001,9551.2557981,23709.7693543,3163.94572697
2012-06-21,251575.0,65486.9097222,571.229870163,9745.55013706,24253.7341292,3180.69229421
2012-06-22,265950.0,66662.1354167,571.210660038,9869.73626365,24155.7848219,3198.69542519
2012-06-25,310737.5,79570.6076389,634.923104637,11225.0947696,27720.975651,3654.79327574
2012-06-26,353558.333333,85615.5381944,671.206815932,11832.7501601,29090.790423,3867.37127343
2012-06-27,340820.833333,81243.2118056,650.125936892,11308.5552119,28394.1842686,3719.6426818
2012-06-28,347325.0,73539.5659722,616.868684782,10914.480348,25574.803486,3498.98225682
2012-06-29,301316.666667,69562.7951389,599.114292607,10430.5132272,25625.9172329,3397.81165643
2012-07-02,330725.0,70660.3993056,578.867185945,10187.4192761,25036.42378,3268.84811082
2012-07-03,342516.666667,72497.9861111,598.041860005,10549.3236103,26126.5544096,3374.18830741
2012-07-04,332462.5,69905.8333333,591.938897484,10502.5262098,26125.2073198,3336.50853396
2012-07-05,295675.0,65059.2534722,576.659997529,9932.33092725,25200.4088318,3235.82282472
2012-07-06,311333.333333,68683.9756944,586.259216858,10113.899984,25684.1566371,3295.44979989
2012-07-09,297637.5,66520.3125,575.301013134,10040.1532993,25819.552502,3231.84409628
2012-07-10,294629.166667,68068.8368056,582.986932583,9885.79818653,25375.1601318,3261.21851661
2012-07-11,305291.666667,67742.6215278,578.37276575,9787.83048994,25319.8301849,3222.1362615
2012-07-12,337554.166667,71257.8298611,583.334508893,10177.6473816,24997.5582338,3250.89550748
2012-07-13,345337.5,70919.9826389,596.86863244,10306.3975849,24944.1060316,3337.51243183
2012-07-16,375341.666667,79677.5,632.504615366,10935.3244577,26761.957255,3606.74178333
2012-07-17,375620.833333,84973.6631944,679.536758549,11664.4094278,28137.063358,3892.6825199
2012-07-18,385812.5,83238.59375,668.25923531,11730.9251322,26558.754004,3853.0540687
2012-07-19,393195.833333,80287.9513889,640.284747405,11206.2302913,25845.7687501,3671.43364466
2012-07-20,368412.5,75533.4722222,632.523999209,10934.4699146,25750.5259081,3626.33719241
2012-07-23,351937.5,79467.6909722,636.951907822,10924.1057107,26306.9339179,3579.14653717
2012-07-24,326162.5,82173.2638889,639.723185543,10969.0005832,26877.2276056,3625.10966526
2012-07-25,316329.166667,81242.1354167,640.647438014,10934.9325785,26575.3844002,3596.9958936
2012-07-26,308991.666667,80774.2361111,630.490681412,10805.7493247,24773.0036991,3610.97612056
2012-07-27,304220.833333,77370.46875,627.327544166,10953.1869731,25488.8323751,3577.74240964
2012-07-30,332829.166667,77098.0729167,617.586806695,10573.4227708,24194.640037,3504.39046176
2012-07-31,339762.5,75679.1493056,616.32546554,10550.2636673,24415.4097644,3534.02527076
2012-08-01,337712.5,75156.0243056,615.853731118,10620.0144319,24755.4834334,3511.07285924
2012-08-02,360220.833333,76473.9236111,617.832138947,10648.4293007,26385.4066148,3533.13749452
2012-08-03,348725.0,76806.9270833,618.601530132,10667.0902148,24678.9014649,3572.76846978
2012-08-06,307291.666667,72043.4548611,599.317297748,10125.9040166,24436.8409046,3409.56781762
2012-08-07,352479.166667,77514.2013889,621.211306076,10649.0146722,25275.8556373,3543.32358249
2012-08-08,385416.666667,79032.5520833,626.943862792,10905.0928032,25249.9233545,3572.1441122
2012-08-09,390416.666667,83873.1944444,647.290670863,11323.2559987,25818.0053521,3676.08588217
2012-08-10,430808.333333,82555.3819444,652.46037625,11438.1891258,25689.9582401,3726.07039499
2012-08-13,346754.166667,74824.4444444,611.546863861,10715.9013496,24805.6134934,3504.63931787
2012-08-14,342145.833333,75853.6284722,616.079610849,10884.1423724,25789.1851118,3589.20172064
2012-08-15,342725.0,74592.5,581.595359522,10610.8831388,26703.2832471,3410.13503406
2012-08-16,333766.666667,75493.4375,590.696036475,10646.1281981,26043.706777,3409.58465544
2012-08-17,352225.0,79717.5694444,607.093961999,10943.5390136,26244.6606434,3539.50830607
2012-08-20,399333.333333,80936.7708333,633.56624966,11624.9314545,26556.3109813,3752.21655516
2012-08-21,434695.833333,83322.7604167,627.22165835,11874.2134885,26396.4004262,3694.55283878
2012-08-22,373708.333333,77863.2291667,611.036009609,11007.7937856,25612.5954369,3557.34695178
2012-08-23,360291.666667,75089.4965278,606.982051245,10889.6716967,25701.6111469,3570.46824051
2012-08-24,343104.166667,73875.3819444,599.645580831,10807.8129802,26067.6265921,3553.80820248
2012-08-27,325850.0,71612.1180556,573.679428782,10308.9495658,25008.6154278,3365.50391846
2012-08-28,364325.0,74224.1319444,590.535138854,10714.466624,26304.3000494,3474.72191569
2012-08-29,319883.333333,70090.2604167,576.071029925,10439.0282099,25177.716601,3344.34529612
2012-08-30,326700.0,73289.53125,580.609951268,10467.0688078,24577.974571,3373.51295617
2012-08-31,352587.5,73974.2361111,593.19977325,10587.125265,26102.9744035,3497.63835464
2012-09-03,320816.666667,73662.1875,607.143250441,10343.0895137,26166.0396814,3543.63693671
2012-09-04,325662.5,73922.7083333,618.421598109,10593.3214715,26218.5761865,3623.41325136
2012-09-05,336754.166667,74886.6145833,625.303606056,10633.5913865,26972.1102556,3617.42453042
2012-09-06,351487.5,77943.8888889,643.136999996,10734.1652247,27130.4761737,3730.78875691
2012-09-07,342404.166667,79085.2083333,642.444501564,10978.9798407,27119.1699168,3759.01935745
2012-09-10,309920.833333,72671.6319444,602.521434435,10269.8239057,25650.4206148,3462.47481355
2012-09-11,331416.666667,75603.3854167,617.694348505,10632.5038881,26414.1665438,3567.73259907
2012-09-12,369337.5,76443.4201389,627.542850574,10917.9654515,26261.6639359,3643.07251394
2012-09-13,353450.0,75211.5972222,613.218151671,10580.4622879,26061.9827476,3556.80888387
2012-09-14,323837.5,73937.03125,627.255713803,10675.4305819,26859.3202034,3638.66225346
2012-09-17,293583.333333,71602.5173611,596.640336743,10222.1558976,25734.766953,3444.12920833
2012-09-18,311654.166667,74935.2430556,611.824290667,10492.8730937,26399.1815825,3527.48730217
2012-09-19,317050.0,74108.4375,619.318648594,10439.0866229,26178.1863862,3563.36924607
2012-09-20,291658.333333,74302.7256944,614.880754333,10372.3161782,26021.3221054,3522.34285965
2012-09-21,287941.666667,73751.5451389,608.249677201,10306.7580803,25892.2934006,3501.10503615
2012-09-24,236633.333333,68621.9618056,563.161628995,9552.64235483,24482.8323873,3245.30686876
2012-09-25,233916.666667,66760.1736111,558.285894083,9554.332976,23538.5063316,3236.28389078
2012-09-26,209733.333333,63216.4756944,540.784089953,9139.2912876,21942.2227025,3138.40127733
2012-09-27,188812.5,64919.3402778,537.562616601,9171.0011761,22850.5802441,3137.75781854
2012-09-28,191804.166667,67397.7430556,547.166477198,9331.92343748,22063.316435,3221.27408302
2012-10-01,211216.666667,66817.65625,535.865317022,9255.67081519,23458.3278886,3167.26270187
2012-10-02,219250.0,65423.0208333,543.715173612,9377.70711516,23559.7316877,3162.6491927
2012-10-03,217745.833333,66198.2638889,544.507594567,9278.41187701,23266.3101325,3184.2567724
2012-10-04,228937.5,69439.8090278,542.554075049,9254.42500395,23372.8403842,3189.06182848
2012-10-05,231120.833333,72798.7847222,543.939383534,9871.40102386,23895.2398543,3299.88356037
2012-10-08,236962.5,70803.2986111,563.636829018,9816.38319609,24021.6339925,3354.20093665
2012-10-09,242945.833333,72254.3576389,582.114905675,10060.8317038,25088.6728296,3443.12746234
2012-10-10,237100.0,72196.3715278,575.363949082,9925.76784166,24619.4298692,3372.93425837
2012-10-11,225004.166667,67301.5104167,563.754661095,9627.44764578,24825.6962873,3305.52612458
2012-10-12,200254.166667,67023.2291667,551.653870944,9509.22056359,23638.0474638,3197.21475373
2012-10-15,179466.666667,62167.2916667,519.697919742,8830.43383715,21435.0698214,3004.62578714
2012-10-16,186020.833333,60815.0520833,538.79440651,9036.02340598,22121.1596281,3086.55385979
2012-10-17,180070.833333,61824.8090278,539.601589762,9139.97386104,21821.615229,3099.74523272
2012-10-18,160579.166667,59493.8541667,526.271747373,8872.10441695,20184.3814081,2950.33011405
2012-10-19,166770.833333,60263.59375,523.008365817,8775.3078929,20202.4918021,2927.96235293
2012-10-22,189800.0,63757.9340278,541.174453955,9079.49087942,23210.4542774,3112.0689455
2012-10-23,174120.833333,67604.2881944,555.448147256,9339.43456663,23392.8046498,3185.55002833
2012-10-24,172041.666667,63546.09375,545.160907824,9162.28704848,22154.35271,3118.41089293
2012-10-25,166504.166667,62449.1493056,539.646048698,9123.9940553,22629.4317568,3068.15636706
2012-10-26,179683.333333,64234.2881944,544.29753221,9221.79343961,22167.232503,3100.98836922
2012-10-29,170245.833333,58966.6145833,514.691094131,8469.44407079,20205.3565844,2882.5303294
2012-10-30,164437.5,62435.2604167,523.165620907,8692.08738098,20405.2058622,2906.20249911
2012-10-31,163170.833333,59262.1701389,520.426039679,8580.11212494,20246.787451,2889.91831793
2012-11-01,152566.666667,60160.0694444,507.382849823,8798.9304794,20610.1991833,2959.09787475
2012-11-02,155395.833333,61896.6493056,531.275043002,8965.62337294,21737.5225609,3035.24389804
2012-11-05,159050.0,59199.3923611,513.331997378,8620.24544584,18750.6882737,2882.18136992
2012-11-06,150766.666667,59396.7708333,518.034031522,8540.87920664,19499.0253877,2876.96853477
2012-11-07,162583.333333,57015.2604167,524.693988691,8583.71097321,20482.4571176,2873.58199558
2012-11-08,155583.333333,58055.3125,531.792091956,8711.90131558,20752.9951773,2900.42979489
2012-11-09,153154.166667,58710.8506944,532.761262682,8650.12933956,20261.5099469,2874.46151536
2012-11-12,138841.666667,54980.8159722,514.244150002,8320.73028555,19572.6389838,2771.70549862
2012-11-13,143658.333333,56104.9826389,520.042822589,8438.5101004,18273.2537393,2794.66661622
2012-11-14,146737.5,56462.3611111,523.730758925,8565.37050062,19435.63845,2841.04860073
2012-11-15,160950.0,57485.9722222,528.396651877,8600.56480013,19986.7845862,2906.11941294
2012-11-16,137487.5,59793.4722222,537.412471295,8831.6892859,19439.7544105,2959.97721064
2012-11-19,145354.166667,57314.3576389,517.175514178,8475.00872882,19505.7010843,2836.97237901
2012-11-20,151304.166667,57976.2152778,530.505011436,8594.26314037,19656.8116481,2903.91332848
2012-11-21,147500.0,56360.4166667,522.836115461,8456.76841708,19178.068556,2850.08166252
2012-11-22,146437.5,56089.4618056,524.943558173,8377.80597023,18404.4233523,2844.73417071
2012-11-23,150033.333333,58476.0243056,541.545726851,8552.68242427,18834.6215081,2961.46513653
2012-11-26,145825.0,53775.4513889,525.048670396,8467.84878486,18520.3381392,2879.53938707
2012-11-27,144508.333333,53237.0833333,532.593700163,8403.32247108,17346.1473704,2877.29714514
2012-11-28,140454.166667,53309.4791667,533.418811703,8420.41169244,18198.831247,2923.87179744
2012-11-29,140145.833333,52384.1840278,536.147915166,8379.51995563,18294.7645964,2915.9520442
2012-11-30,138583.333333,54050.2256944,547.27175993,8542.39304599,18178.3917514,3001.52379786
2012-12-03,140962.5,53196.1111111,541.912431286,8308.90464811,18223.36283,2944.61141771
2012-12-04,140729.166667,55436.3368056,544.498393539,8567.36199483,18832.4202887,2976.80862187
2012-12-05,142441.666667,54371.7708333,544.155571075,8547.16323932,18801.529643,2976.6277456
2012-12-06,141050.0,56248.2291667,552.424545658,8677.85704218,19649.4809048,3001.55323311
2012-12-07,140437.5,57222.0833333,554.34289219,8824.49310636,20835.1923704,3075.01437485
2012-12-10,138325.0,53995.9722222,538.277925186,8273.72897186,20282.9617493,2940.69641388
2012-12-11,137700.0,54512.4305556,545.935892186,8414.9141596,20543.2566767,2983.97026258
2012-12-12,139970.833333,56216.7361111,551.638937131,8468.50362889,20206.3035541,3046.40190075
2012-12-13,135400.0,57361.8576389,558.209249333,8765.42076124,21015.9329083,3064.04237545
2012-12-14,138375.0,58765.2604167,572.410156119,9165.80391894,21892.6660178,3171.73760478
2012-12-17,148612.5,57150.2083333,550.619520809,8913.64941304,21181.6330599,3103.92730744
2012-12-18,150562.5,60755.9027778,558.745354645,9068.45222719,21196.0415745,3166.40117807
2012-12-19,150650.0,58997.4479167,552.39294977,9072.63790949,20960.7487134,3148.21910629
2012-12-20,147000.0,62040.5381944,551.857443882,9157.04146062,21043.360546,3178.12193034
2012-12-21,154012.5,65248.4722222,563.359765039,9279.65986744,21380.6361659,3257.13120422
2012-12-24,152620.833333,55956.09375,493.687593488,7888.08190432,19113.1611337,2853.05419728
2012-12-25,120316.666667,33672.0138889,361.033582507,5320.53376156,13502.7972114,1912.77825206
2012-12-26,140120.833333,56010.2604167,526.278005489,8325.64725043,18397.6831562,2989.45462788
2012-12-27,142350.0,57808.8715278,537.598495892,8761.09172066,19025.3086482,3049.62446446
2012-12-28,144341.666667,57868.6458333,537.8928405,8724.76719748,19278.0535061,3077.89629323
2012-12-31,139458.333333,54347.7604167,511.550921531,7794.67766905,17349.9416712,2805.27162763
2013-01-01,110258.333333,32155.1388889,370.294118501,5269.66513165,12643.3136652,1865.86534797
2013-01-02,134733.333333,53865.6340716,525.535475143,8191.52215844,18505.9081248,2958.91310529
2013-01-03,137762.5,57454.613989,526.6857279,8326.98240978,18701.4042459,2937.26579673
2013-01-04,137866.666667,57943.7759635,536.025866605,8317.408504,18946.6837772,2961.13852405
2013-01-07,136508.333333,55518.9683433,531.279152443,8081.60929404,18580.5287227,2925.36469007
2013-01-08,136733.333333,62833.3295796,531.643145695,8210.30687419,19058.5096878,2960.58018912
2013-01-09,136220.833333,57601.7439314,540.366311915,8360.21858757,20030.0176689,3011.58439086
2013-01-10,138995.833333,62518.1672297,536.534879245,8315.00371763,19983.2137999,2985.0585769
2013-01-11,138529.166667,60941.3213213,538.406042267,8362.38734992,19759.0021455,2993.28183629
2013-01-14,126287.5,56735.1413914,534.184485728,8047.79750811,19030.0017535,2917.47961532
2013-01-15,124341.666667,60218.2297923,541.38509433,8128.74329113,18565.5877383,2963.87103617
2013-01-16,125462.5,57718.5738864,546.605469235,8239.15995736,19030.2471866,2987.44322179
2013-01-17,137175.0,60244.2992993,544.373750233,8308.61675739,19972.389893,2998.38274438
2013-01-18,138720.833333,60031.557495,554.981006652,8453.7500267,20454.4364197,3084.7277972
2013-01-21,133695.833333,54307.9257382,531.901936524,7857.09697357,18951.1811503,2865.22285823
2013-01-22,130975.0,56038.2072698,543.355565317,7878.17973037,19203.0191064,2872.10320715
2013-01-23,126016.666667,55881.7573824,553.25678858,8108.49401876,19493.7526247,2917.33965152
2013-01-24,129045.833333,57549.956519,544.419850915,8208.96625001,19599.6604982,2931.32837414
2013-01-25,129950.0,59843.4578328,554.556308299,8384.21678362,19824.3973626,2979.58446967
2013-01-28,131325.0,56487.9335586,525.609902801,7955.33096569,19846.5354842,2872.70193914
2013-01-29,132441.666667,58194.9705956,528.450501479,7966.05714295,19592.9348215,2898.40601055
2013-01-30,135212.5,57606.3069319,531.798963219,7934.52097244,20245.0391241,2934.61557703
2013-01-31,128000.0,56996.3892017,530.004243163,8034.45396034,19964.1812865,2920.63327133
2013-02-01,128666.666667,57952.825951,541.375912659,8253.37587336,20083.4884392,2965.84605626
2013-02-04,108633.333333,53098.2607608,515.661677377,7908.26670335,18077.8257475,2870.50643838
2013-02-05,110975.0,56783.1981982,523.012598463,8080.81533221,18146.9813404,2889.19709685
2013-02-06,110495.833333,57980.0472347,526.734787949,7916.09105874,18281.1161147,2873.43150787
2013-02-07,109883.333333,57834.8967718,528.691244881,7850.05295684,18057.9685622,2885.86092164
2013-02-08,110529.166667,56251.7392392,532.401522191,7956.05662437,17932.8547807,2902.58943474
2013-02-11,111258.333333,53992.9757883,525.372192479,7864.74767283,17761.5294922,2914.06169138
2013-02-12,110091.666667,50737.8650526,514.094947217,7930.63491818,18197.0612807,2893.23124816
2013-02-13,113175.0,53905.4179179,527.160500685,7983.42962843,18874.8009172,2895.65567505
2013-02-14,110483.333333,53573.0405405,524.09350313,8043.79813331,19536.4376014,2867.90543959
2013-02-15,110858.333333,55540.7138388,525.284579148,8074.0633091,19635.3284336,2887.61212772
2013-02-18,111050.0,53509.1363238,519.136969886,8063.08071219,19736.2454152,2878.9145925
2013-02-19,114270.833333,53925.8614865,525.020744312,8047.38987716,19406.6333671,2894.85322872
2013-02-20,127408.333333,55104.6596597,526.479054821,8084.19991732,18288.232837,2880.88007708
2013-02-21,125904.166667,56420.6268769,528.342403691,8172.29848359,20250.6187483,2912.56396125
2013-02-22,122091.666667,57179.1801176,534.405337063,8186.69918683,20018.7405903,2929.80859365
2013-02-25,118845.833333,52120.5677553,517.922329498,7800.11645963,18583.3193724,2834.79070056
2013-02-26,120416.666667,56803.8379004,521.214640855,7964.98498305,18838.4722111,2846.71574963
2013-02-27,119558.333333,57728.7628253,527.824387649,8061.77506625,18566.3530763,2857.17016236
2013-02-28,118429.166667,57774.286474,524.211292493,8009.87793053,18613.281058,2818.48196958
2013-03-01,119866.666667,61083.4947447,521.294462596,7978.21616865,18271.9388992,2854.88086473
2013-03-04,120120.833333,53952.1368243,515.243244102,8070.81985559,18350.0433068,2853.10189377
2013-03-05,121229.166667,59698.7105856,514.874553124,8227.80865844,19619.477476,2868.70919862
2013-03-06,122154.166667,58504.682495,520.097606694,8219.05535679,19569.7680587,2918.86065738
2013-03-07,123941.666667,59314.7735235,523.144582294,8315.01017929,19377.2267679,2919.43147131
2013-03-08,121120.833333,59631.89502,519.071365456,8281.67814699,20102.412895,2909.56273567
2013-03-11,119645.833333,55030.7892267,509.627342958,7959.52236261,18999.8883126,2821.3638214
2013-03-12,119733.333333,62955.6321947,511.517940087,7881.68535907,18889.1870943,2817.31929283
2013-03-13,117970.833333,58685.0710085,506.297904895,7829.16326807,17904.2280389,2768.73314774
2013-03-14,120525.0,57057.857545,508.362554077,7870.83765065,18371.4440122,2757.87294636
2013-03-15,116320.833333,56286.8468468,510.471414635,7988.06171713,18903.6483812,2808.21413645
2013-03-18,120929.166667,45012.1383884,499.381182739,7850.085683,18724.9504666,2789.1261237
2013-03-19,123137.5,54432.4208584,509.09031794,7990.99138376,19047.9972491,2806.90014098
2013-03-20,126400.0,55289.5148273,499.873203488,7862.50485521,18637.7089113,2798.38901743
2013-03-21,124791.666667,55693.3120621,502.55644239,7929.02969564,19120.9282956,2856.73653215
2013-03-22,126966.666667,56425.2230355,510.565927265,8018.95773382,19373.7680878,2902.39901596
2013-03-25,124716.666667,54736.0376001,516.952927836,7968.41834934,19351.730066,2913.07335835
2013-03-26,131350.0,60115.8846346,526.392395961,8163.28266958,19590.0005138,2961.00375037
2013-03-27,132745.833333,60015.7376126,524.127516191,8121.642608,19477.5209526,2915.60468625
2013-03-28,133845.833333,62161.2058934,528.404487649,8202.37151575,19461.6508685,2953.24443091
2013-03-29,135475.0,59720.1623498,531.795102435,8572.81351277,19940.0494049,3012.69578255
2013-04-01,101487.5,59849.7685185,488.348517711,7885.96523764,18962.4512484,2800.37826833
2013-04-02,128095.833333,62938.6104855,498.230027829,7894.54533502,19005.2677371,2824.51859246
2013-04-03,122312.5,60505.2605731,502.697746192,7915.46333596,18940.4664178,2804.74630099
2013-04-04,126433.333333,59404.9762262,499.594022064,7991.16482752,18954.1516168,2782.58194005
2013-04-05,129466.666667,61040.9684685,497.648107535,7858.26528255,18510.0390236,2770.36115664
2013-04-08,131120.833333,52505.0775776,495.083438717,7812.89494179,19171.8652972,2792.40444172
2013-04-09,124316.666667,59210.7995495,501.152436689,8000.79180352,20423.1068424,2800.24808849
2013-04-10,124808.333333,60978.2254129,512.330319262,8111.06784689,20527.2628988,2855.68206507
2013-04-11,128287.5,62847.2165916,507.005991154,8096.27985156,20579.2172331,2821.20831974
2013-04-12,124025.0,64119.7813438,507.878243014,8066.24012973,19768.9710852,2848.13524507
2013-04-15,146475.0,61361.3072447,498.917765016,8313.90148329,20313.6214813,2856.86402463
2013-04-16,151691.666667,62109.4513263,498.314620057,8436.42597673,20363.3341096,2874.39163717
2013-04-17,153595.833333,62778.7962963,498.990253545,8390.34975144,20722.5831122,2859.77403187
2013-04-18,168325.0,63122.0007508,492.76092391,8329.30731082,20191.8844292,2841.9754977
2013-04-19,157100.0,65509.3781281,497.516720791,8428.72395718,21078.6610298,2889.14173726
2013-04-22,159066.666667,57009.4838589,495.259300553,7988.48801378,20357.1237307,2891.11884131
2013-04-23,152083.333333,62480.0738238,505.811000102,8298.41753713,20575.5411814,2974.34270141
2013-04-24,158491.666667,63492.5541166,512.565386017,8322.28256378,20648.1199936,3031.29084087
2013-04-25,173929.166667,63016.0942192,496.770340789,8449.80002116,20805.4833776,3024.37679467
2013-04-26,169791.666667,64291.2575075,505.432029713,8339.97759685,20861.7910083,2971.8516789
2013-04-29,132033.333333,59128.1731732,478.576614507,7483.56787249,18521.0139877,2696.22815688
2013-04-30,133270.833333,63229.4419419,487.385262658,7627.11430849,18988.5359846,2763.7309575
2013-05-01,111012.5,58780.3553554,475.307411763,7774.00853021,18813.9642221,2791.42283664
2013-05-02,153050.0,62192.7843468,489.374766785,8021.18950686,19483.0235124,2829.41146216
2013-05-03,155212.5,67714.0011887,499.642049583,8330.73935952,20143.8754529,2938.39228981
2013-05-06,217712.5,64879.0618744,496.638624125,8317.05962105,20460.9000498,2903.75316713
2013-05-07,212883.333333,65960.8295796,504.557560278,8348.70565225,20924.5855838,2948.78065536
2013-05-08,209441.666667,67405.3938313,506.442969928,8416.04997084,20069.5594825,2956.06862777
2013-05-09,216500.0,67709.3740616,508.290376024,8635.01959871,21374.2793369,2993.99981814
2013-05-10,209475.0,65964.8539164,505.302346526,8505.36297508,21634.7813049,2971.58727783
2013-05-13,202545.833333,64621.6732357,510.444658565,8568.6154519,23017.1314539,3032.81486929
2013-05-14,212637.5,67216.2396772,504.752732557,8648.15303713,21648.1849119,2945.5267835
2013-05-15,164670.833333,65076.8524775,486.099272338,8186.65103664,19816.6073048,2828.69669883
2013-05-16,158704.166667,65354.8898899,484.146679943,8049.57859026,19269.8517405,2790.79154376
2013-05-17,154795.833333,67009.4291166,489.73693357,8079.02237253,19661.3772902,2799.61279873
2013-05-20,159829.166667,59998.7093343,477.134125164,7896.79776138,18898.4211308,2771.32567912
2013-05-21,167975.0,66102.3354605,490.173322888,8171.49066193,20115.821528,2863.38720129
2013-05-22,180820.833333,67537.9363739,498.893475257,8416.80156966,20858.9647582,2901.86270505
2013-05-23,167104.166667,70299.1338213,504.091494607,8470.38774663,21076.8671903,2979.14599969
2013-05-24,164275.0,71720.960961,508.869537898,8629.57932527,21291.6201768,3015.53940193
2013-05-27,159537.5,64830.2536912,488.235589219,8049.83157844,19796.5333063,2828.63832891
2013-05-28,153758.333333,68433.2072698,488.022291364,8194.03573871,20207.0344087,2812.64617851
2013-05-29,152370.833333,67648.1694194,488.932448536,8154.08918574,20099.353637,2804.340772
2013-05-30,160004.166667,67131.2083959,487.094008686,8189.647478,20391.4187485,2829.90307818
2013-05-31,191912.5,68360.5571196,502.721212208,8486.39311576,21832.7719644,2933.1736345
2013-06-03,212537.5,70791.1020395,525.675291562,9117.27104733,23408.4090574,3161.17065133
2013-06-04,178845.833333,73771.5715716,531.455856631,9188.39445929,24782.5720998,3197.52922456
2013-06-05,215495.833333,72198.6742993,513.325295346,8889.82144631,23300.6239976,3058.85553528
2013-06-06,157475.0,69297.5882132,503.958551509,8495.55248977,21897.1576669,2960.49593748
2013-06-07,173475.0,67796.5609359,508.672435657,8528.58155976,21304.0803044,2970.49455858
2013-06-10,171258.333333,65342.4224224,485.714547166,8436.19951485,21708.0616537,2904.67967816
2013-06-11,178204.166667,68796.0619995,511.269619817,8671.4371495,22485.6526343,2969.0268609
2013-06-12,212095.833333,72204.5229605,519.188487326,9070.88255017,22000.3635425,3043.98398767
2013-06-13,246316.666667,71649.3177553,519.04868668,9175.90168324,24202.1790774,3097.78884458
2013-06-14,249579.166667,72564.522022,522.774521626,9173.72103772,23466.2262832,3096.61913707
2013-06-17,198858.333333,63719.077515,500.799316481,8539.33985561,21970.7472503,2939.70938199
2013-06-18,177716.666667,67007.5143894,506.032670523,8777.59010855,22216.5889881,2979.12
2013-06-19,195737.5,67841.7311061,505.901091772,8734.47079751,22227.3979568,2955.07145385
2013-06-20,214929.166667,68951.3851351,504.579413553,8858.16095188,22275.5673442,2947.65759643
2013-06-21,208508.333333,69001.3263263,519.9276752,9107.9203053,23388.5595506,3069.57335528
2013-06-24,238445.833333,63578.0549299,542.028389287,9899.13513237,24298.2530133,3327.3698197
2013-06-25,277579.166667,69363.9323699,583.266437653,10817.1443349,25161.9626718,3496.07141541
2013-06-26,271237.5,74516.890015,598.599512429,10992.2671882,25568.5781689,3540.13154384
2013-06-27,255370.833333,75428.6436436,599.609845425,11146.4874098,25793.5252849,3546.518218
2013-06-28,280633.333333,77636.869995,605.900750511,11319.0850359,25608.3282795,3616.20201468
2013-07-01,289587.5,73232.2147147,591.94498157,10860.7498533,24820.820573,3547.02500772
2013-07-02,280004.166667,73211.5393519,568.339174154,10484.5588844,24952.2703818,3349.59323497
2013-07-03,298000.0,78488.4972472,607.288258535,11078.787935,26755.7622331,3650.70358902
2013-07-04,332229.166667,82183.5200826,662.460583152,11728.3140846,27997.4263031,3970.48035186
2013-07-05,332470.833333,83935.2906031,687.96831511,12181.2100392,27858.7131822,4090.80795672
2013-07-08,349454.166667,77417.7787162,686.810415214,11885.7007162,27034.82665,4078.00806123
2013-07-09,355900.0,79460.0209585,677.696750122,11935.4072373,27007.3195746,4067.57909669
2013-07-10,363562.5,77451.9169169,646.656350797,11529.8855408,26622.1229321,3858.24089912
2013-07-11,333750.0,77733.013013,621.644044179,11212.53367,26515.4103507,3681.03344362
2013-07-12,309825.0,77246.8940816,609.930996993,11182.3792759,26397.9971375,3541.71236086
2013-07-15,308650.0,73357.3992743,589.576905762,10551.0868088,25338.6525862,3517.3486423
2013-07-16,328354.166667,74203.8913914,599.313462447,10874.1712274,25197.1557961,3518.36452803
2013-07-17,327041.666667,73033.5106982,603.46873011,10676.3793489,24821.8173833,3594.4938164
2013-07-18,312141.666667,73256.2762763,605.726926059,10629.3459039,25546.3555837,3574.94793045
2013-07-19,308054.166667,74631.8271396,600.439829513,10782.1162663,25555.3757388,3499.04607827
2013-07-22,297212.5,66839.9552678,571.296785869,10447.4202988,25226.1428694,3350.94481723
2013-07-23,304587.5,69794.0008759,584.68282019,10556.7475465,25447.5253419,3441.65734136
2013-07-24,312820.833333,73491.9181682,600.912001383,10798.3631647,25632.0565507,3520.30062916
2013-07-25,322929.166667,75568.8266391,601.991212133,10778.5264642,25617.8824401,3501.15193466
2013-07-26,284754.166667,71014.6884384,584.721786393,10389.7886599,24375.6578389,3377.61979437
2013-07-29,291520.833333,70573.345533,559.768313046,10210.699909,24880.7953205,3358.66932167
2013-07-30,321241.666667,77555.2949825,587.704140681,10702.391248,26110.5032523,3517.25646312
2013-07-31,333145.833333,77473.4246747,595.071918835,11009.3211065,26460.1083256,3583.64616042
2013-08-01,319904.166667,75424.1979479,589.886418925,10977.8004429,26158.8757712,3496.81629728
2013-08-02,305179.166667,72004.3418418,593.899919202,10846.631256,25971.8623095,3473.30481444
2013-08-05,309716.666667,69856.7905405,583.652286887,10426.0835227,25578.2442961,3495.60858705
2013-08-06,316395.833333,75527.9041542,585.225295147,10575.7352637,25946.4838567,3484.21972094
2013-08-07,301354.166667,74854.1012888,573.959290315,10343.336189,25096.2575221,3416.27978274
2013-08-08,308358.333333,76282.9298048,578.703364506,10572.4318181,25108.9413038,3485.04021609
2013-08-09,342637.5,80997.6263764,626.03290744,11247.8991093,27397.8811221,3778.54516038
2013-08-12,326116.666667,75393.5870245,608.907810389,10888.7027318,25577.7753486,3632.63618439
2013-08-13,326866.666667,77471.8518519,627.475503457,11341.4377357,26939.1919248,3840.98801575
2013-08-14,328850.0,79503.4118493,645.701264643,11562.1147239,26963.119558,3903.74135143
2013-08-15,345795.833333,77770.6062312,616.348844004,11524.9359402,25984.6146393,3765.99939613
2013-08-16,340550.0,75955.0609985,599.910696579,10983.0781979,25340.759709,3616.01728064
2013-08-19,349512.5,74966.3873248,618.355820177,11463.8982641,26658.1597152,3743.22409524
2013-08-20,347912.5,77618.5842092,631.527790351,11801.6872845,26640.191583,3825.23434842
2013-08-21,343195.833333,73810.9803554,594.524296374,11339.6271868,25130.4725439,3587.79767875
2013-08-22,336233.333333,74386.6435185,589.402620757,11106.3357484,24732.70995,3540.66492178
2013-08-23,336879.166667,76264.5217092,590.580544825,11187.6750155,25636.8901029,3585.43079004
2013-08-26,298337.5,72205.5618118,575.792451314,10656.9606133,25267.7200466,3518.7668352
2013-08-27,274245.833333,73522.9075951,591.443829238,10909.6279241,25365.7034185,3602.31699838
2013-08-28,278325.0,74362.4752878,590.314866604,10735.4217424,25521.539477,3566.91472226
2013-08-29,302566.666667,72382.5578704,585.554983924,10744.5842431,25515.9799566,3567.85553818
2013-08-30,320154.166667,74200.2549424,596.519731128,10949.2787651,26416.0555969,3644.3957002
2013-09-02,303762.5,74306.1877503,602.814527235,10677.9857785,26316.1570649,3701.52473415
2013-09-03,307458.333333,77287.3173173,610.300863931,10872.3426285,26330.184167,3685.11524874
2013-09-04,303479.166667,74999.1478979,599.978806425,10760.1285305,25937.758696,3579.9866057
2013-09-05,297387.5,73814.3681181,579.318386564,10454.0426943,25162.9396575,3467.84533689
2013-09-06,295337.5,72104.6177427,574.868737872,10409.4630461,25551.4603968,3459.48772916
2013-09-09,256329.166667,65560.2524399,539.204792453,9729.26366882,23186.2955908,3234.1427211
2013-09-10,277154.166667,70072.1471471,566.389830598,10105.5224157,23835.345801,3382.49147001
2013-09-11,288450.0,72015.2596346,574.792503455,10284.1827926,24543.5325446,3450.76120044
2013-09-12,310550.0,72708.4496997,582.124696498,10476.7275421,25364.0114938,3484.71315923
2013-09-13,316870.833333,73197.1033534,592.816092741,10731.5536669,26242.3882232,3585.60752108
2013-09-16,282725.0,66651.6701076,558.73484038,10045.5923875,24176.759719,3368.33019607
2013-09-17,262820.833333,67144.0847097,558.093368052,10253.8498619,24522.803639,3337.85791654
2013-09-18,261800.0,68091.4780405,555.839014111,10054.7987763,24476.9421325,3268.02719296
2013-09-19,255595.833333,70379.4481982,568.909557277,10152.4201566,25210.9087056,3372.85961306
2013-09-20,283458.333333,73497.0980355,590.867359183,10511.1772131,26195.8225276,3544.18898961
2013-09-23,281000.0,66609.8673674,581.137817713,10413.0598175,25136.7960063,3488.66555755
2013-09-24,250983.333333,67462.5841466,575.564000893,10430.1296329,24544.9608871,3414.44255422
2013-09-25,248137.5,67889.4657157,564.194912079,10164.9177613,24779.2809508,3306.30006197
2013-09-26,251300.0,68975.386011,559.64001335,10210.4204779,24840.4976624,3282.13624854
2013-09-27,259912.5,67048.0001877,566.132472429,10419.1250275,25329.0552864,3281.94506751
2013-09-30,257183.333333,62757.6507758,552.934183016,10247.1644579,24954.491705,3271.60566436
2013-10-01,247870.833333,64948.8441567,553.469934279,10327.2073158,24487.8065261,3282.02370836
2013-10-02,219737.5,64054.0581206,548.779464849,10131.054479,24242.2676008,3214.79299371
2013-10-03,246279.166667,66164.3121246,545.547040861,10192.3889927,24304.0007271,3212.93722973
2013-10-04,224320.833333,68867.645458,539.838794768,10156.8787415,23621.1106253,3205.55528692
2013-10-07,206816.666667,60638.831957,527.385489916,9842.240707,23892.4998827,3152.98849894
2013-10-08,228620.833333,64257.1890641,536.230795842,9952.90887961,23571.8838373,3213.3960765
2013-10-09,222904.166667,62683.9092217,537.350674272,9778.45185901,23626.7278044,3221.92490028
2013-10-10,230829.166667,62204.491992,536.174365223,9786.36571188,23425.6089198,3193.51109157
2013-10-11,222712.5,64181.5912788,528.040634505,9650.37574092,22445.7215901,3142.85885916
2013-10-14,208004.166667,57417.4430681,520.650578717,9186.76338731,22747.1294937,3096.60863755
2013-10-15,212604.166667,63054.2185936,538.561198107,9694.71536328,23375.5264666,3220.75442428
2013-10-16,202212.5,62843.9536411,534.736957768,9739.95300528,23422.7565628,3181.43401719
2013-10-17,205741.666667,63697.6113614,534.23171075,9679.52887533,23522.1263944,3180.7464298
2013-10-18,201229.166667,58765.2524399,536.873970442,9655.35229202,23509.9587483,3176.19141179
2013-10-21,190779.166667,59358.8479104,524.688861962,9618.08283068,22797.1573598,3107.3382703
2013-10-22,200762.5,63315.5808934,530.798601585,9574.37578771,21609.4003391,3145.75180924
2013-10-23,198879.166667,63707.349537,521.957521027,9679.99806599,23043.9322459,3106.76214236
2013-10-24,212900.0,64997.1706081,529.450083926,9623.48025501,23111.0963125,3122.10810212
2013-10-25,180470.833333,64670.6156156,518.896822527,9382.17445541,22051.9593603,3081.423819
2013-10-28,178920.833333,57461.6885636,497.787145341,8912.64205887,21095.5702257,2941.27815597
2013-10-29,155337.5,57719.3136887,491.489622663,8722.3532514,19887.3180054,2857.03917246
2013-10-30,153345.833333,57202.6751752,486.00745435,8582.50176025,20031.3534505,2835.51063451
2013-10-31,158587.5,59208.8091216,487.879689525,8511.85419077,20225.2393182,2847.7096059
2013-11-01,154941.666667,63644.9024024,511.064956065,8827.56241203,20945.8092647,2977.66988098
2013-11-04,159358.333333,55196.4964965,507.015121644,8739.99313162,21761.716429,2974.00800585
2013-11-05,159670.833333,61714.1513388,514.382345645,8873.28095175,22568.7094016,3002.93773494
2013-11-06,159070.833333,62735.5311562,511.614393216,8773.43744163,21170.2958097,2973.13090198
2013-11-07,154504.166667,64254.4466341,511.418630323,8809.35866258,21681.2952055,2973.89565911
2013-11-08,164758.333333,62325.7147773,513.21122786,8869.2192171,21659.0005819,2982.16525209
2013-11-11,157091.666667,60686.7451827,492.100842674,8538.56745644,21375.2659557,2871.37057631
2013-11-12,170391.666667,63062.164039,495.768432782,8640.68005712,21265.6416833,2868.69428053
2013-11-13,163879.166667,61916.3907658,498.886075604,8538.74484163,21416.4515288,2891.70073393
2013-11-14,165829.166667,60959.9402528,495.048406718,8479.07385539,21259.4370284,2868.17870055
2013-11-15,158654.166667,60313.2710836,498.890019633,8503.6844635,19477.4662257,2842.78010866
2013-11-18,145450.0,54567.6442067,491.967012879,8060.20787216,17950.0469646,2785.89041159
2013-11-19,148641.666667,59966.717968,499.84815801,8282.69371749,18997.7433557,2811.62357359
2013-11-20,142850.0,60278.8526026,495.652739996,8187.22136919,19491.09949,2750.35334288
2013-11-21,142212.5,60656.712963,505.980743016,8421.04713307,18346.5197084,2811.13542108
2013-11-22,146212.5,62473.1475225,514.780944023,8677.5613804,18828.6014166,2890.6684697
2013-11-25,141308.333333,59941.1223724,502.754357379,8172.96784193,17691.7044729,2784.93994647
2013-11-26,139954.166667,62391.5509259,509.05890004,8209.61652976,19010.1627174,2834.50322188
2013-11-27,141283.333333,59037.767455,508.239031005,8119.36268922,18063.6665751,2826.28424164
2013-11-28,140554.166667,60578.2138388,510.024663854,8106.17011457,18404.5082347,2862.45899932
2013-11-29,143087.5,59892.4978103,519.997706284,8252.35805949,18485.1025737,2881.33796497
2013-12-02,139450.0,60027.1559059,513.293405653,8173.842291,18632.0551546,2870.06347899
2013-12-03,142187.5,60550.8727477,515.560663503,8095.78799543,18150.6100646,2871.74756365
2013-12-04,144387.5,59886.1602227,519.787872123,8297.19332813,18589.7684832,2886.23492879
2013-12-05,143962.5,61572.9335586,521.339316698,8375.73419268,19461.4178606,2890.8494227
2013-12-06,151683.333333,63436.1986987,527.120322937,8521.69572943,19016.5016764,2906.94186772
2013-12-09,139879.166667,57961.1420796,522.099938595,8162.98932858,18807.7958656,2885.14709259
2013-12-10,139916.666667,63096.7723974,526.313673657,8276.40741134,19017.1198663,2885.81311372
2013-12-11,142512.5,62844.8620495,525.809608257,8317.4216748,18985.9085381,2906.73228745
2013-12-12,139366.666667,63124.3002377,525.537550595,8557.07797453,18419.2896457,2924.46614551
2013-12-13,145216.666667,64188.0320946,531.982663217,8793.87033392,19734.6848628,2987.65880637
2013-12-16,141470.833333,52816.5033784,516.070529676,8367.88294906,18509.3277143,2927.00614894
2013-12-17,144575.0,60955.9991241,529.98366371,8563.3303716,18979.5334202,3010.39063746
2013-12-18,139650.0,62044.1378879,534.534646457,8584.49261153,18550.5656409,3030.37577115
2013-12-19,143308.333333,62585.7125876,536.714630753,8820.86325427,18531.3051457,3017.34412862
2013-12-20,140008.333333,63515.4263639,537.739700373,8815.89297268,18282.5261684,2990.40108094
2013-12-23,146516.666667,62600.2718343,547.030526226,9024.54489935,18369.4050188,3114.56488474
2013-12-24,129354.166667,49152.2982357,493.244591392,7985.21319668,17784.3327124,2756.90045904
2013-12-25,105887.5,28132.7233483,348.217411386,5046.24457349,12126.9239554,1827.5531506
2013-12-26,139316.666667,54290.8380255,520.349332859,8463.71315571,17053.2497688,2899.81631257
2013-12-27,143845.833333,62586.4211086,536.419101769,9002.20866107,18513.8800935,3056.34481682
2013-12-30,140733.333333,64159.5251502,537.706005497,8585.70623924,18110.7560847,3015.1055853
2013-12-31,145766.666667,56065.6963213,503.987572092,7822.38096447,16854.5219723,2745.93785972
2014-01-01,112187.5,29468.213526,360.22723208,5262.75116652,11675.1176348,1860.86693051
2014-01-02,136475.0,54173.7209084,526.720963356,8470.18375511,17852.0849528,2939.02901759
2014-01-03,146345.833333,61835.0206456,525.31875779,8708.56280903,18166.4321231,2963.20870047
2014-01-06,136600.0,62301.0882758,522.55624507,8389.66147309,18377.5861222,2900.22381458
2014-01-07,129625.0,60820.9997497,524.948480303,8466.23286095,18693.7410929,2898.48484706
2014-01-08,146116.666667,57405.0403529,521.67808252,8341.85180843,18608.1336642,2883.36451275
2014-01-09,139150.0,57427.5581832,511.998373123,8211.02741694,18434.2264418,2837.69094921
2014-01-10,139912.5,56252.2857232,516.52794638,8265.27060772,18558.6642352,2858.60257482
2014-01-13,134858.333333,55923.7468719,518.653354539,8088.7106343,18061.3257464,2835.16028338
2014-01-14,133279.166667,60931.4542668,523.076105001,8197.68157299,18024.0728269,2866.22220745
2014-01-15,137654.166667,58629.7869745,509.721820562,8239.69512795,19046.9665139,2840.36552825
2014-01-16,135645.833333,57620.5477352,504.503340219,8030.71668335,18233.4320092,2823.82328441
2014-01-17,131895.833333,59112.2531907,514.440820916,8220.90811071,18158.1828904,2848.88882676
2014-01-20,130158.333333,55073.8347723,501.353152991,8014.88253218,17975.497735,2801.78858138
2014-01-21,135479.166667,59173.325513,510.821950181,8241.29400921,18359.2448144,2840.89563687
2014-01-22,132533.333333,58466.8152528,500.861372266,8148.89102621,18229.5249041,2831.57602441
2014-01-23,136850.0,56589.4472598,501.699263813,8136.53702074,18488.740931,2808.33700684
2014-01-24,133450.0,60778.0173924,511.160723735,8343.48340699,18429.7042182,2882.15444429
2014-01-27,129720.833333,51719.4369369,500.359704908,8203.1938043,18233.068327,2846.17082987
2014-01-28,130820.833333,56050.6869369,511.701557592,8381.95758296,18621.5316868,2869.80131523
2014-01-29,128254.166667,55570.0262763,507.786891686,8167.04960646,18142.2034922,2811.26240898
2014-01-30,129400.0,58394.2148398,509.142124491,8146.81061163,17945.4923516,2849.86319646
2014-01-31,128591.666667,62713.5914039,518.132460223,8484.6225446,19003.6447793,2916.02213326
2014-02-03,128770.833333,59820.9547047,504.294872913,8015.12765206,17884.1858713,2831.08450758
2014-02-04,132350.0,61686.3823198,522.158882917,8392.5885252,18641.7538108,2897.44803654
2014-02-05,131016.666667,61756.8243243,511.395050066,8349.66957292,18742.7598631,2864.67856671
2014-02-06,130612.5,62126.9272397,515.946840017,8410.83065631,18547.9898498,2888.10462193
2014-02-07,129029.166667,60821.4796046,515.805500388,8313.89169506,18927.1171188,2898.06429068
2014-02-10,128987.5,56077.4896772,503.238679335,7932.59282658,17339.5068554,2766.75892599
2014-02-11,123925.0,55066.2631381,513.468095378,8314.03158473,17569.2415922,2817.43720739
2014-02-12,122129.166667,56005.7254129,517.086104365,8334.35145092,17731.969602,2869.15154499
2014-02-13,123825.0,55804.3384009,512.997380522,8412.41061601,18255.4816185,2888.89799506
2014-02-14,125587.5,56189.5479855,520.140565902,8514.48359894,18633.6129149,2908.01978219
2014-02-17,117766.666667,52390.0941567,502.362633434,7894.8581443,17251.7211031,2783.92067702
2014-02-18,116012.5,55608.038038,500.438324547,8017.70429034,17302.473262,2790.50242196
2014-02-19,118820.833333,52848.5914039,493.540559382,7983.91980121,18223.7100382,2788.25907085
2014-02-20,121841.666667,52969.105981,499.04595284,8060.97293095,17638.1622226,2816.36345666
2014-02-21,119841.666667,55396.9112863,497.380588058,8138.47310116,17486.738236,2815.3767115
2014-02-24,117783.333333,55362.4027152,484.313395524,7920.1734029,17474.9109572,2737.28132009
2014-02-25,117308.333333,59527.8159409,493.347927668,8023.72294997,17702.1261655,2799.16187902
2014-02-26,117933.333333,58897.3235736,488.04773985,7882.86186955,17932.3883461,2762.85192216
2014-02-27,119216.666667,58994.4938689,494.347807751,8081.7889201,18030.2610079,2806.65492014
2014-02-28,119450.0,57920.2220971,497.901306489,8158.44396092,17967.9299351,2826.35578559
2014-03-03,119441.666667,56485.7798423,483.98456875,7885.29038625,17463.4258608,2764.79175583
2014-03-04,120645.833333,56937.8003003,480.250801028,8000.20254941,17310.3889682,2744.77582225
2014-03-05,126362.5,58921.649462,486.239747739,8057.0754755,18026.3994154,2773.27210941
2014-03-06,132966.666667,59738.617993,478.31244162,7938.4985119,18556.5473398,2747.36477386
2014-03-07,121587.5,60624.3083709,480.853080388,8115.02593971,18750.6127451,2806.97350108
2014-03-10,129050.0,57413.1228103,466.702540427,7781.02639842,18909.8699288,2726.01119716
2014-03-11,128079.166667,59257.0292167,469.367208684,7984.0453797,18804.7765358,2769.6609817
2014-03-12,129387.5,59451.5262137,466.370627613,7983.04000465,18440.9948389,2752.79167255
2014-03-13,127245.833333,59033.2232232,466.917121532,8000.6771573,18419.2350585,2751.50005025
2014-03-14,128887.5,60618.6871246,470.549397765,8090.79300702,18611.4081996,2789.81976913
2014-03-17,133800.0,57352.3939565,463.318610294,8059.79092872,18374.2881323,2760.8402085
2014-03-18,134816.666667,57571.4458208,465.108302598,8064.57561411,18323.0670259,2760.13908242
2014-03-19,130445.833333,59707.0592467,469.063363673,8079.70605587,18581.3250539,2786.88070078
2014-03-20,131729.166667,59938.3314565,467.455977864,8109.27642983,18372.6013731,2754.37999482
2014-03-21,130500.0,61191.5349725,477.645400969,8135.22963925,18943.5266531,2779.30781044
2014-03-24,124329.166667,57742.8447197,467.686834456,7832.78310324,18185.9687655,2680.53548503
2014-03-25,121887.5,58112.4627753,474.354640891,7926.24158565,17843.3218184,2697.84202708
2014-03-26,122145.833333,55804.9777903,466.631289855,7760.14820435,17943.8175988,2640.22108638
2014-03-27,123829.166667,55474.725976,473.74326224,7843.40761323,18149.893869,2648.03645773
2014-03-28,125775.0,58693.5006882,478.548408806,8009.33677483,18548.1096346,2723.70471763
2014-03-31,123525.0,59298.1465841,476.735849929,7939.08273455,18369.2708543,2722.94785375
2014-04-01,123637.5,60852.1183684,484.028641005,8072.24673083,18397.4222265,2735.32926124
2014-04-02,123700.0,60546.4142267,472.24851557,7930.67119815,18210.3917325,2718.84143763
2014-04-03,123300.0,60518.1018519,469.277789494,7938.16606827,18256.0087831,2699.03303354
2014-04-04,126745.833333,59290.3594219,484.58657289,8153.86331395,18548.8624078,2792.29077681
2014-04-07,146729.166667,60861.2621997,475.224630209,8330.22183244,19083.5899352,2815.4968432
2014-04-08,170879.166667,62379.6021021,480.170198942,8687.21702122,19533.4403299,2879.90136624
2014-04-09,154754.166667,63710.6816191,486.938622861,8660.86656032,20149.3643311,2924.26833397
2014-04-10,158479.166667,64275.4563939,478.288702116,8539.45348909,20022.3677788,2904.59309013
2014-04-11,155941.666667,66150.7491867,480.095078375,8614.86882323,19773.7451639,2899.00820731
2014-04-14,152608.333333,66012.0714464,482.495834576,8623.56531097,20375.587057,2940.70685554
2014-04-15,154591.666667,68744.1863739,489.119199938,8671.56157442,20735.5022751,2968.72140467
2014-04-16,159641.666667,65394.2542543,483.040672946,8697.54867181,20726.2914137,2927.86578085
2014-04-17,169145.833333,70019.336524,496.545114989,8912.78688662,20906.0812124,3038.71278393
2014-04-18,162929.166667,66711.7067067,485.013390313,8938.60183431,20413.6379831,2970.52150691
2014-04-21,143854.166667,60037.2885385,451.03986312,8191.11986594,19345.6967117,2744.92358738
2014-04-22,145900.0,64907.0251502,469.339808717,8402.58100206,19202.6499794,2799.31079497
2014-04-23,149108.333333,64964.5592467,466.374501979,8257.73409868,19296.5612282,2787.03308644
2014-04-24,142200.0,64500.0866491,462.821305828,8228.71929124,19523.9293086,2758.81837289
2014-04-25,139204.166667,63878.2785911,460.234441518,8348.83268993,19302.0153436,2779.66814743
2014-04-28,162366.666667,63050.5483609,461.986513506,8293.42517652,19905.8307534,2776.97669781
2014-04-29,164250.0,64356.7454955,471.758018123,8578.30663163,20171.9221181,2832.77532925
2014-04-30,188283.333333,65842.7483734,479.816986138,8814.57462758,21073.0421754,2938.18705983
2014-05-01,185004.166667,64635.9740991,466.492208207,9047.61256316,20155.0450324,2921.63501084
2014-05-02,198333.333333,68511.0707583,485.682641899,9197.63056719,21187.3698842,3032.1900742
2014-05-05,197433.333333,62902.4280531,484.429731865,9039.47781182,20897.4473561,2986.78594298
2014-05-06,192941.666667,67275.7460586,485.52650974,8998.62252583,20698.491438,2985.76149342
2014-05-07,185912.5,67101.8728103,486.733744871,9013.0210506,20441.1735388,2976.19509249
2014-05-08,187945.833333,67606.9813564,487.000853422,8965.52420865,20699.6911005,2958.31978909
2014-05-09,191329.166667,68470.8968343,500.630221667,9342.86401242,20662.9568295,3055.76707945
2014-05-12,197120.833333,64420.3897648,479.819141133,8924.22709017,20389.8100309,2907.60937561
2014-05-13,207129.166667,64961.0069444,491.134375726,9143.50062547,20939.7505015,2990.46997361
2014-05-14,198833.333333,67758.3668043,501.836747059,9502.55749763,21572.9924745,3124.89596275
2014-05-15,194270.833333,70567.2888514,515.111170567,9647.02023606,21507.7816813,3175.88290179
2014-05-16,192666.666667,73017.6895646,519.171647184,9698.81877914,21709.9977551,3189.14488375
2014-05-19,173804.166667,62291.7789665,474.069150533,8710.98843941,19742.7292887,2826.59306352
2014-05-20,164350.0,60389.6509009,473.896892119,8531.02379089,19518.3298599,2806.11343164
2014-05-21,157079.166667,60977.8312688,468.736367218,8379.32674482,19044.176981,2752.85947564
2014-05-22,163937.5,62719.1988864,467.275473424,8446.91409814,19483.9947741,2791.05252093
2014-05-23,163512.5,62838.6946321,471.586543083,8519.52103269,19808.0988177,2814.86978387
2014-05-26,158162.5,59798.3946446,457.09538733,8110.43720429,19393.1352445,2715.12035549
2014-05-27,160487.5,64896.6635385,469.029979158,8464.12362812,19796.7573792,2774.89245832
2014-05-28,166541.666667,65111.3322698,473.911543472,8617.04090594,20515.2368164,2811.36527836
2014-05-29,183262.5,67366.6353854,480.144348485,8754.02403478,19746.208631,2866.72134365
2014-05-30,185362.5,68880.7078954,486.310597872,8877.42914429,20237.1088986,2939.47526161
2014-06-02,204525.0,66399.7362988,487.059213553,9082.18671207,20913.2980345,2966.44523202
2014-06-03,196879.166667,66671.26001,484.334958922,9085.69666428,20850.2648667,2933.55331016
2014-06-04,200800.0,65143.3671171,479.952695039,9045.76028836,20422.8387926,2889.29284586
2014-06-05,190475.0,64676.077953,482.264035662,9034.86287845,20254.8921881,2907.14310186
2014-06-06,184987.5,67345.9462588,490.867598535,9231.79468229,20813.2702244,2936.15072324
2014-06-09,185662.5,65290.162037,480.097445573,9038.19026358,20663.360021,2952.08215384
2014-06-10,198500.0,66329.3487237,473.369817166,9163.80339309,20216.0425574,2951.39896559
2014-06-11,222029.166667,66379.5436061,506.792302899,9593.24251414,21157.198645,3100.57855066
2014-06-12,244341.666667,71875.9390641,541.882582215,10411.0625915,23080.639712,3393.24319706
2014-06-13,293300.0,77945.7882883,554.542404201,10955.7794762,23905.298842,3506.72653964
2014-06-16,276891.666667,73518.3527277,552.453982558,10343.4030798,23882.8905765,3394.46170597
2014-06-17,237154.166667,71692.1327578,545.505309267,10429.5263924,22878.102118,3345.76974789
2014-06-18,221858.333333,72457.8218844,534.062065907,9998.43702122,23005.531459,3229.74355643
2014-06-19,211158.333333,72243.5322823,525.41890565,9903.45904816,23152.2972427,3172.73770537
2014-06-20,217083.333333,72195.8336461,528.971411728,9961.65416427,22518.1476698,3234.34866674
2014-06-23,217604.166667,67304.2198448,502.608380724,9461.78598245,21742.2666236,3072.90308724
2014-06-24,208083.333333,67871.0792042,504.271529333,9571.96070763,21868.7561149,3111.37374452
2014-06-25,215966.666667,66946.7567568,505.748061059,9634.19196831,22124.8455921,3058.29276361
2014-06-26,215983.333333,68347.9129129,508.387000821,9736.39892958,21774.2904778,3122.42473808
2014-06-27,231200.0,70462.5744494,520.66259394,9896.60635886,22242.5254591,3201.41469163
2014-06-30,225187.5,65303.4853604,501.433065275,9565.30481252,21694.5719077,3024.23393669
2014-07-01,227783.333333,67511.5518644,504.170865582,9604.05327637,21369.0001519,3036.32125159
2014-07-02,215525.0,67959.9618368,507.984748837,9541.33859719,21842.2757261,3053.02903795
2014-07-03,232175.0,68221.3147523,524.229545589,9916.39435201,22335.264688,3202.14539174
2014-07-04,260670.833333,72171.9047172,527.209007348,10101.0978747,22654.1656336,3222.66845225
2014-07-07,231858.333333,66230.6431431,501.949823838,9512.86477134,21960.8282906,3033.08561231
2014-07-08,292870.833333,73143.795045,518.980142859,9860.43586709,22825.4846396,3153.70630748
2014-07-09,274570.833333,71747.2103353,539.853597135,10394.2012221,23374.5232343,3288.43649664
2014-07-10,286429.166667,74194.3346471,554.862222982,10586.7974407,24969.9384937,3372.27301284
2014-07-11,315845.833333,77222.5638138,570.6735728,10929.7174981,25753.3222819,3479.23325643
2014-07-14,315420.833333,74133.9276777,563.686620777,10911.0521803,25760.0411177,3467.49482192
2014-07-15,324641.666667,76434.2423674,571.175814522,10896.0100246,25625.3456726,3510.45734191
2014-07-16,330362.5,77258.9730355,578.021497261,10861.8486426,25529.9503773,3508.47653809
2014-07-17,324283.333333,74322.9832958,558.754632961,10695.655234,25187.595772,3353.3706081
2014-07-18,287354.166667,73692.8853854,545.040294684,10439.5654087,24830.4906093,3271.94459649
2014-07-21,296633.333333,72310.8608609,541.768836578,10318.0753549,24573.2585698,3314.57482232
2014-07-22,315445.833333,74812.7211587,564.199088249,10668.4050405,25311.9774425,3417.15982945
2014-07-23,316145.833333,71134.8126251,553.247187108,10498.9300006,24786.0038353,3300.92319603
2014-07-24,290829.166667,69877.8018644,553.326568509,10314.6780941,23952.8637212,3300.74504762
2014-07-25,299570.833333,73101.3253879,567.747133894,10499.469996,24153.9647358,3436.07041995
2014-07-28,282895.833333,71430.8511637,570.288756473,10417.5795011,24489.1499862,3522.85962876
2014-07-29,287079.166667,78204.7093969,590.175386068,10667.12326,25424.1971908,3576.13775253
2014-07-30,266525.0,79851.7558183,598.121255146,10690.9920243,24821.2803064,3579.0218817
2014-07-31,249758.333333,80866.8293293,576.833577164,10449.5003421,24469.4611696,3430.81740897
2014-08-01,274966.666667,72000.6922548,562.038013825,10375.697744,24505.0083431,3358.91532139
2014-08-04,278245.833333,75136.5371622,538.545428552,9904.95317076,23344.1127049,3264.22609649
2014-08-05,317225.0,77695.1467092,558.938998407,10395.1618563,24133.958029,3390.2659869
2014-08-06,316070.833333,75107.8616116,566.073623865,10608.6172725,24652.1662892,3443.11755304
2014-08-07,337270.833333,72921.4846096,575.005963486,10981.9964385,24258.7241835,3546.26135834
2014-08-08,338550.0,75289.2896021,581.455873499,11081.7859434,24508.5646101,3589.72102741
2014-08-11,324487.5,74724.9427553,550.202292935,10333.7784786,24509.9110019,3383.87461199
2014-08-12,342462.5,78119.8035536,552.074875787,10482.2270469,24806.5509697,3428.44065822
2014-08-13,315733.333333,72969.8417167,535.063608687,10100.1550339,24032.1305157,3273.27500352
2014-08-14,312925.0,72600.7103979,532.89544202,10001.0953661,23516.4761279,3244.04728611
2014-08-15,323320.833333,73041.8312062,531.300061556,10495.5263265,24379.9628304,3281.6578891
2014-08-18,318183.333333,73464.7947948,549.402421707,10454.6733709,24712.8840372,3413.50790111
2014-08-19,282141.666667,75109.08252,541.343428246,10119.1090534,23839.5361733,3344.46892584
2014-08-20,284933.333333,73122.032032,536.281586359,10053.6063134,23616.6665829,3274.2480014
2014-08-21,292845.833333,73499.3821947,531.999539892,9958.65957116,23522.4202719,3296.84435347
2014-08-22,289650.0,76816.0860861,537.344460021,10006.6780581,24067.7685747,3324.90823805
2014-08-25,313137.5,76509.1263138,532.639184975,10192.3088362,23584.6875433,3316.85921052
2014-08-26,366420.833333,76897.2353604,561.145379296,10929.6149962,25170.7819292,3463.89382807
2014-08-27,361545.833333,79087.5106356,561.657563933,10985.2466734,25106.1944914,3480.29470683
2014-08-28,338891.666667,75626.5496747,551.275802296,10748.8605661,24608.3000784,3420.17279783
2014-08-29,309983.333333,77575.1063564,542.676691352,10547.7247419,23741.3990915,3367.94466878
2014-09-01,317458.333333,80756.6632257,567.65053247,10732.3667873,24047.4361595,3499.21905254
2014-09-02,320850.0,79412.3748749,570.421905856,10734.2923152,24677.0147852,3496.97870037
2014-09-03,304887.5,73497.6323198,559.181564683,10433.94672,24929.4780512,3395.44979677
2014-09-04,302862.5,72528.3680556,556.792967105,10309.0043962,24458.521387,3378.98627129
2014-09-05,301420.833333,72505.1551552,556.256500701,10513.5613659,24236.8352644,3401.77968455
2014-09-08,309958.333333,74025.2083333,550.385182526,10438.1247587,25433.4841393,3405.56742093
2014-09-09,298387.5,78473.7756507,556.011723895,10266.0499593,26342.8791174,3382.49120554
2014-09-10,297350.0,71109.7797798,553.535194577,10167.3990945,24706.8935429,3340.13180935
2014-09-11,300254.166667,70458.2541917,557.72510066,10331.4996235,25254.3531567,3405.95425812
2014-09-12,288600.0,75269.766016,564.404437391,10353.6734315,26437.3580174,3451.3127728
2014-09-15,271908.333333,71784.7963589,542.656761562,10076.5958329,24982.7500179,3343.74975577
2014-09-16,256820.833333,69469.4478854,543.681441102,10204.6732842,24941.5919478,3370.16359626
2014-09-17,252775.0,66273.8410285,537.607556316,9972.09246089,24357.2817684,3272.6357441
2014-09-18,243154.166667,68121.5446697,528.750267262,9850.7439271,23448.5785542,3192.93614929
2014-09-19,243320.833333,68800.5374124,533.30165871,9837.71146406,23166.2532836,3249.82616887
2014-09-22,230870.833333,68152.032032,515.098660755,9590.13178911,22234.3834464,3193.45324639
2014-09-23,230191.666667,68697.6823699,521.885451359,9780.36086922,23097.9544729,3191.96110361
2014-09-24,222141.666667,69938.1597222,519.66108261,9728.2357689,22826.8914823,3150.26127781
2014-09-25,219391.666667,68100.5308433,519.651581377,9739.16019439,22883.8513675,3148.17466324
2014-09-26,234233.333333,67226.3951451,523.39858366,9805.05036063,22667.792057,3212.90910529
2014-09-29,231337.5,65725.8280155,513.284819596,9456.91429539,22333.8949814,3160.3193157
2014-09-30,217804.166667,69721.2306056,517.12545627,9602.58125127,22248.6657542,3146.57718157
2014-10-01,238029.166667,69947.1749875,534.031341426,10011.1791869,23271.1044545,3260.18836922
2014-10-02,254450.0,68245.203954,545.221424077,10214.1011374,24564.5107924,3313.15826643
2014-10-03,257975.0,72441.2772147,549.646344742,10207.5434659,24318.1361659,3345.55226977
2014-10-06,211741.666667,62599.6784284,510.689497295,9283.9304956,22398.0399975,3116.48057259
2014-10-07,222875.0,66187.5187688,527.334504703,9688.17434803,22310.7328258,3202.64833067
2014-10-08,235262.5,69359.1388263,537.104843736,9891.57147407,24257.4372652,3233.55896747
2014-10-09,229250.0,68501.7667668,515.226043388,9481.61053365,22878.5357444,3051.46955984
2014-10-10,223025.0,65999.0052553,510.458159185,9450.78129672,22180.561838,3052.97835306
2014-10-13,152462.5,61541.4949324,496.289206351,8913.45989136,21258.8055757,2867.73458648
2014-10-14,162191.666667,62438.0837087,497.058873029,8902.06090276,20818.2643273,2904.18505867
2014-10-15,190375.0,64512.0126376,520.677768761,9508.76728739,21781.9727572,3080.78640937
2014-10-16,209754.166667,68838.0227102,528.743667267,9597.67478031,22665.7079698,3129.11423945
2014-10-17,216704.166667,67913.1891266,530.693502235,9545.44555444,23023.8232055,3165.05155831
2014-10-20,244083.333333,66326.8653028,530.212349843,9793.32010398,23023.2477361,3228.86752595
2014-10-21,239716.666667,67258.0446071,540.739739684,9914.02366754,22287.4173792,3305.05802103
2014-10-22,269750.0,66935.4682808,536.954271897,10088.24638,23029.5851594,3269.09690761
2014-10-23,224812.5,64332.5225225,527.831679986,9846.8733248,23216.5977835,3166.94571187
2014-10-24,230662.5,66572.0179555,538.378778878,9962.75372851,22959.4327564,3243.64564994
2014-10-27,206245.833333,59907.2954204,510.652300701,9286.52112142,21453.4377946,3090.30574753
2014-10-28,192437.5,65795.8195696,518.716639173,9320.98721799,21496.22329,3105.83362654
2014-10-29,195254.166667,67277.7665165,519.030394479,9390.87456163,22084.7372442,3107.44003657
2014-10-30,188741.666667,68326.6413288,518.391585759,9459.60446079,21081.804193,3142.51407555
2014-10-31,193387.5,69219.3972097,515.158839718,9377.56096556,21462.613614,3121.52681135
2014-11-03,168933.333333,59316.4226727,492.509759446,9105.31955236,21097.5659403,2929.48612592
2014-11-04,134216.666667,55557.3054304,481.515415899,8700.57178081,19519.8217245,2804.58390855
2014-11-05,145412.5,52109.0944069,477.826850614,8536.89971344,18834.6202516,2765.88374141
2014-11-06,131266.666667,58487.9951827,491.553525336,8610.53374991,19437.4754288,2831.27008518
2014-11-07,135825.0,63602.2585085,496.417308852,8879.51514887,19745.9404416,2908.79665132
2014-11-10,119404.166667,59465.7738989,485.941364951,8614.31182135,18917.3663883,2803.61386995
2014-11-11,143975.0,64413.0680681,490.506509138,8675.84630781,19875.542382,2834.36627683
2014-11-12,150300.0,62146.0532407,492.352778477,8627.75959376,19504.9129899,2855.23675772
2014-11-13,160495.833333,54249.5379755,501.7385005,8962.95442968,19732.3218362,2927.52147185
2014-11-14,147979.166667,60725.0218969,496.59209088,8680.54898053,19725.5664227,2873.52074175
2014-11-17,134916.666667,58148.5817067,486.297758779,8523.17966062,18721.2674344,2773.12639418
2014-11-18,137270.833333,63678.2707708,491.056025908,8632.16345651,19391.1462312,2808.98357748
2014-11-19,146745.833333,62362.9263639,501.040261899,8693.43090034,20250.0727364,2851.58972826
2014-11-20,143437.5,62282.6648524,503.964229683,8640.72645173,19950.1184445,2879.6296558
2014-11-21,148916.666667,66152.245996,502.377804675,8694.26974811,20627.1399309,2929.68522035
2014-11-24,143745.833333,58932.9285536,489.294947706,8648.43815362,18854.7813663,2852.94480824
2014-11-25,135862.5,60738.846972,488.955740658,8586.84132384,18474.6355081,2825.27655807
2014-11-26,130645.833333,58968.5788914,488.853088213,8517.1078666,18083.6025,2773.87645454
2014-11-27,132120.833333,59495.8311436,489.093516533,8432.40822592,17897.3313408,2762.84951692
2014-11-28,131629.166667,62449.0427928,491.994257088,8603.86866918,18264.0593518,2807.40551723
2014-12-01,132329.166667,60783.8732482,482.136906455,8410.02779328,18292.5681237,2805.97923427
2014-12-02,129466.666667,62117.3661161,469.954990064,8426.48010245,17495.2550996,2794.85048183
2014-12-03,124579.166667,61405.6096722,486.304573827,8396.22452168,17017.2576606,2785.95174694
2014-12-04,127437.5,61674.0249625,488.551702939,8407.03664526,16627.9415674,2789.44740584
2014-12-05,126400.0,60220.9866116,497.131844812,8376.26625043,16954.2246324,2851.11381222
2014-12-08,126950.0,61547.6995746,480.491311833,8330.43636686,16227.8091061,2797.69078773
2014-12-09,116904.166667,62286.5822072,497.278571529,8240.62528291,16155.6075181,2829.9829232
2014-12-10,127312.5,63541.4329955,502.060090621,8287.18594063,16781.1357996,2819.33023055
2014-12-11,129741.666667,62944.2952327,501.918151905,8357.4850039,16838.5716129,2830.12898377
2014-12-12,129116.666667,63851.4139139,515.810901175,8539.46852192,17527.6538047,2891.482263
2014-12-15,127075.0,58928.6117367,503.173289713,8306.09665558,17305.1004293,2834.1724424
2014-12-16,129950.0,63635.5248999,513.237796933,8620.80368782,16548.9851244,2926.30238762
2014-12-17,129854.166667,63261.0432307,510.263309472,8567.35077372,17728.2247229,2902.90638662
2014-12-18,133033.333333,60485.195508,510.117559129,8482.21956636,17160.8780474,2911.51039006
2014-12-19,126141.666667,63928.0530531,519.646518488,8471.67676723,17294.5165108,2941.24939557
2014-12-22,134741.666667,62753.373999,515.742238927,8646.66656941,18042.6724119,2954.06426258
2014-12-23,132629.166667,61751.3594845,528.514451595,8775.63156205,18516.8120278,3006.16769569
2014-12-24,117475.0,47217.3589214,486.597420027,7963.628398,16518.0005216,2730.35556669
2014-12-25,92087.5,22165.6021647,321.652639088,5093.92132731,9761.03946363,1547.63631766
2014-12-26,127591.666667,55346.8790666,501.830978712,8420.37687269,17170.5702815,2919.0606579
2014-12-29,129545.833333,63239.7197197,509.969115446,8403.75609817,17173.9123879,2876.21793498
2014-12-30,121012.5,64522.4430681,520.354002135,8383.15213946,17277.9954286,2915.84741823
2014-12-31,114533.333333,55002.7693318,486.389767145,7316.39731851,15365.460638,2655.34818673
2015-01-01,27800.0,7775.87837838,86.6983520196,1219.15480469,2218.66832858,399.742670632
